Genre,Name,Author,Lvl.nov,Lvl.adv,Lvl.exh,Lvl.inf/grv/hvn/vid/xcd/mxm
"BEMANI","αρχη","Dormir",6,13,15,18
"BEMANI","うさぬこぬんぬんファンタジー！","ARM(IOSYS) feat. 普透明度",5,11,14,17
"BEMANI","ΕΛΠΙΣ","dj TAKA",5,11,17
"BEMANI","ENDYMION","fallen shepherd ft. RabbiTon Strings",7,14,17,19
"BEMANI","鬼天","兎々",6,12,17
"BEMANI","蛇神","Zektbach",6,13,16,18
"BEMANI","Sakura Mirage","Ryu☆",6,12,17
"BEMANI","シュレーディンガーの猫","Cait Sith",7,14,17,19
"BEMANI","New Decade","Sota F.",6,12,15,18
"BEMANI","Nebulas","BEMANI Sound Team "Yvya"",6,13,16,18
"BEMANI","Harmonia","ATSUMI UEDA",5,11,14,17
"BEMANI","BabeL ～Next Story～","Power Of Nature",5,10,17
"BEMANI","卑弥呼","朱雀 VS 玄武",7,14,17,19
"BEMANI","BLAZE∞BREEZE","BEMANI Sound Team "TAG×PON"",5,12,15,17
"BEMANI","m1dy Deluxe","m1dy",6,13,16,18
"ひなビタ♪/バンめし♪","イエルウタ","ここなつ2.0",3,9,13,16
"ひなビタ♪/バンめし♪","カシオペアノヒカリ","ここなつ2.0",2,11,14,17
"ひなビタ♪/バンめし♪","キズナ","東雲心菜 Produced by 上村香月",3,8,13
"ひなビタ♪/バンめし♪","ステラレギア","ここなつ2.0",4,11,14,17
"ひなビタ♪/バンめし♪","双星ルミネセンス","一舞 ＆ 夏陽",4,10,16
"ひなビタ♪/バンめし♪","ハートシェイプ・スピカ","ここなつ2.0",5,12,15,17
"ひなビタ♪/バンめし♪","マーメイドペレパスィ","ここなつ2.0",3,10,13,16
"ひなビタ♪/バンめし♪","メモリーズ","ここなつ2.0",5,12,15,17
"ひなビタ♪/バンめし♪","闇夜舞踏会 -緋碧と蝶のためのmasquerade-","ここなつ Produced by あおいひと with イオ",4,9,16
"ひなビタ♪/バンめし♪","ロンロンへ　ライライライ！","ここなつ",4,10,16,17
"동방 어레인지","愛くるしフール -Not EASY!!-","2ボス如きに負けるかぼちゃではなｙうわー",4,10,15
"FLOOR","Absurd Gaff (Metallize Remix)","Metal Giant",7,14,17,19
"SDVX 오리지널","APØCALYPSE RAY","xi",8,15,18,20
"SDVX 오리지널","Undead Raving Scare","RoughSkreamZ",7,14,17,19
"SDVX 오리지널","and After the Merry BADEND","polysha",7,14,17,19
"FLOOR","うぇるかむ -||祭みっくす||-","忠兵衛",6,13,16,18
"동방 어레인지","Venona","DOUBLE HELIX【たちのん&零-zero-】",3,10,15
"SDVX 오리지널","ΣMERGENCY CODΣ","概念",6,13,16,18
"SDVX 오리지널","Enter The Rave","Tatsunoshin",5,13,16,18
"BEMANI","Empathetic","Sota÷Des",6,11,13,17
"BEMANI","Caldwell 99","BlackY",6,13,16,18
"BEMANI","QQ","BEMANI Sound Team "PHQUASE & ZAQUVA"",7,14,17,19
"BEMANI","Chloé","DJ Totoriott",4,11,16
"FLOOR","劇場版ムーニャポヨポヨスッポコニャーゴ~侵略だいず帝国！ドラマティック宇宙大戦争~","打打だいず",6,13,16,18
"BEMANI","The First Step","Yooh",4,11,14,17
"SDVX 오리지널","SHARK IMPACT","ryhki",6,13,16,18
"BEMANI","Synergy For Angels","TAG×U1-ASAMi",5,12,14,17
"동방 어레인지","Shirogane","nmk vs b-UMB feat.青砥 雫 a.k.a. ℃iel",3,8,14
"SDVX 오리지널","十三不塔","隣の卓は役満(庭師+Aoi)",6,13,16,18
"FLOOR","The EXworld of sound","Remix by Aoi, Vocal by Kuroa*",6,13,16,18
"동방 어레인지","Scarlet Moon","REDALiCE feat. Ayumi Nomiya",4,10,16
"BEMANI","Stylus","BEMANI Sound Team "HuΣeR"",6,13,16,18
"SDVX 오리지널","Spectacular“V”Adventure!","Enterskip",7,14,17,19
"동방 어레인지","spectroscape","kuroburger",4,10,16
"BEMANI","世界の果てに約束の凱歌を -VOLTEX Mix-","BEMANI Sound Team "Sota Fujimori"",5,12,15,18
"FLOOR","Zero-Day Exploit(One-Day Fusion Mix)","庭師",6,12,15,18
"FLOOR","Distorted Floor -Boosted-","M-UE vs. siromaru",6,13,16,18
"FLOOR","トーキョーサマーナイト（華金Remix）","あまみ×ひなみ",4,12,14,17
"동방 어레인지","NEON WORLD","SOUND HOLIC feat. Nana Takahashi",3,10,17
"동방 어레인지","花ノ下連歌","Jan★Key",4,11,16
"BEMANI","ビビットストリーム","DJ TOTTO",4,10,13,16
"FLOOR","Pixelated Platform (Super Honey!)","そよもぎ",5,12,15,17
"BEMANI","Fly far bounce","猫叉Master",5,11,13,17
"동방 어레인지","Frantic Wolf","Jerico",4,10,14
"SDVX 오리지널","BLISS","ミハイル + K.key",5,13,16,18
"SDVX 오리지널","Breakneck Pursuit","Ashrount",7,14,17,19
"동방 어레인지","プレインエイジア -PHQ remix-","PHQUASE",4,10,16
"SDVX 오리지널","HeaveИ's Rain","モリモリあつし",8,15,18,20
"동방 어레인지","ほおずき程度には赤い頭髪","Akhuta",5,11,17
"동방 어레인지","MAGATORO","上村香月",4,10,16
"SDVX 오리지널","Marielle","ゆんゆん",6,13,16,18
"FLOOR","Μοῦσα","ushiee",5,12,15,17
"BEMANI","ユメブキ","紫崎 雪,Risa Yuzuki,709sec. by BEMANI Sound Team "PHQUASE & SYUNN"",6,13,16,18
"동방 어레인지","Russet","wellow",4,10,16
"BEMANI","ラブキラ☆スプラッシュ","BEMANI Sound Team "Sota F." feat.いちか",4,10,14,17
"SDVX 오리지널","リュミレイラ","後藤 feat. nayuta",5,13,16,18
"BEMANI","累乗のカルマ","めと（Metomate）",5,13,16,18
"동방 어레인지","Lunatic Rough Party!!","かめりあ",4,10,15
"BEMANI","ロプノールの商隊","Akhuta",6,12,14,17
"BEMANI","分けるな危険！モモモモモモーイズム","ARM×狐夢想 feat. 桃井はるこ",5,11,14,17
"SDVX 오리지널","忘れないように、失くさないように","Mono.",5,13,16,18
"동방 어레인지","Ultimate Fury","Arch vs n3pu",5,10,16
"동방 어레인지","桜華月想-SDVX EDIT-","源屋 feat. 3L",2,8,12
"FLOOR","snow motion","こふ",4,8,13
"VOCALOID","ドキドキ☆流星トラップガール!!","流星トラップボーイズ",3,8,13
"FLOOR","Re:call","pan+meal feat.駄々子",5,12,14,17
"BEMANI","ARACHNE","MAX MAXIMIZER",6,13,16,18
"BEMANI","WICKeD CRφSS","OSTER project",6,12,15,17
"BEMANI","梅雪夜","Qrispy Joybox feat.mao",3,11,14,17
"BEMANI","Aerial Skydive","Dirty Androids",5,12,15,17
"BEMANI","quaver♪","Risk Junk",6,13,16,18
"BEMANI","CLAMARE","MAX MAXIMIZER",7,14,17,19
"BEMANI","Crystalia","DJ TOTTO",6,13,16,18
"BEMANI","Crazy Jackpot","Hommarju",5,12,15,18
"BEMANI","黒紅掬い","猫叉Master feat.霜月はるか",4,12,15,17
"BEMANI","SPECIAL SUMMER CAMPAIGN!","Lucky Vacuum",5,13,16,18
"BEMANI","FUJIMORI -祭- FESTIVAL","VENUS",3,11,14,17
"BEMANI","Flip Flap","kors k",4,11,14,17
"BEMANI","Black or Red?","コスモドライバー join. shully & Nimo",5,12,15,17
"BEMANI","Poochie","kors k",6,13,16,18
"BEMANI","リリーゼと炎龍レーヴァテイン","黒猫ダンジョン",6,13,16,18
"FLOOR","Splash Underwater","siqlo",5,12,14,17
"동방 어레인지","Cirno Break","さわわ",5,10,16
"FLOOR","Diffused Reflection","ニシジマユーキ",3,10,12
"VOCALOID","further the future","上村香月",4,8,15
"동방 어레인지","REVERSE LIMITED!(SDVX Edit)","MUZIK SERVANT feat.CHERICa",5,11,16
"BEMANI","Survival Games (Hommarju Remix)","Hommarju",3,9,13
"VOCALOID","shiny rainbow flower","C-YA",5,10,15
"동방 어레인지","Mist Tek","you",4,9,16
"FLOOR","Re:Rose Gun Shoooot!","あるふぁ",6,12,15,17
"동방 어레인지","Lunartic Dial","Shiron",4,10,16
"FLOOR","紅の剣舞","かねこちはる",6,12,17
"동방 어레인지","THUNDERCRACK","IRON ATTACK!",5,11,17
"FLOOR","Shadows in the Light","Sta",3,9,13
"FLOOR","Shanghai Wu Long ～上海舞龍～","Hommarju",5,11,17
"동방 어레인지","スカーレット警察のゲットーパトロール24時","七条レタスグループ",4,11,15,18
"동방 어레인지","SPARKING 2012","IRON ATTACK!",4,10,15
"VOCALOID","隅田川夏恋歌 (I/O Angel mix)","Daisuke Ohnuma(大福P)",3,8,12
"동방 어레인지","天弓天華オトハナビ","ビートまりおとまろん",5,12,16,18
"동방 어레인지","デンデラパーティーナイト","森羅万象",5,11,15,17
"동방 어레인지","PRESERVED VAMPIRE","SOUND HOLIC feat. Nana Takahashi",5,12,15,17
"동방 어레인지","LUCKY CAT","ちょこふぁん",3,11,14,17
"동방 어레인지","Love Love Scarlet","イノライfeat.怜花",4,11,14,17
"VOCALOID","wound","KEENO",3,8,11
"BEMANI","凛として咲く花の如く","大神ミオ",3,11,14,17
"FLOOR","Ice Fortress","荒谷サトル",6,12,15,18
"FLOOR","アルファ・スカイ","みーに feat. しろさきあや",4,13,15,17
"FLOOR","イグノアザーズ","U-ske feat. 安土桃",6,12,15,18
"FLOOR","いでぃおで結構！","諸星なな feat.加藤はるか",4,12,14,17
"FLOOR","Initiating League","EmoCosine vs. nora2r",6,13,16,18
"FLOOR","WINNING ROAD","setu-O",6,12,15,18
"FLOOR","ENDGAME","Yuta Imai",6,13,16,18
"FLOOR","All We Need is HAPPY END!!!","polysha",7,14,17,19
"FLOOR","赫焉のヴァルキュリア -Ragnarøk-","ryhki",7,14,17,19
"FLOOR","CadenzaMaiden","u-z feat.紫咲ほたる",5,12,16,18
"FLOOR","CUDDLIE CUDDLIE","ゆんゆん",5,12,15,17
"FLOOR","Garland","ミハイル + K.key",6,12,15,18
"FLOOR","機械仕掛けの魔法使い","Tsubusare BOZZ feat.madoka*",4,11,14,17
"FLOOR","Glory of Fighters","RoughSkreamZ",7,14,17,19
"FLOOR","最果ての勇者にラブソングを","deli.+駄々子",6,13,16,18
"FLOOR","Thousand Triggers","めと（Metomate）",6,13,16,18
"FLOOR","SuddeИDeath","xi vs. モリモリあつし",8,15,18,20
"FLOOR","灼ナル刃、破カヰ譜","Symholic feat.狛茉璃奈",6,12,15,18
"FLOOR","Chat perché","Ange;art + Nota",6,13,16,18
"FLOOR","Juωpscare!!","coTatsu",6,12,15,18
"FLOOR","Scat Jazz Dance","Super Shrimp",5,12,16,18
"FLOOR","S(TAR)²☆pistol","Mono.",6,13,16,18
"FLOOR","ステラ・イミグレーション","後藤 feat. リリカ",5,12,15,17
"FLOOR","Second Game","Tracy feat. miko",5,11,14,17
"FLOOR","天穹のアルカナビット","打打だいず + Tanchiky + siromaru",6,13,16,18
"FLOOR","D.I.X.","日夜すずり feat. 凜々",6,13,16,18
"FLOOR","DEUX EX MĀXHINĀ","Ashrount",7,14,17,19
"FLOOR","trea→journey","CHUBAY",6,14,16,18
"FLOOR","ИADIR","Ashrount vs polysha",6,13,16,18
"FLOOR","ハッピーエンド","technoplanet feat. Kuroto Sion",6,13,16,18
"FLOOR","Paradigm Shift","あまみ×ひなみ",6,13,16,18
"FLOOR","For.*tune","Capchii × low meow × Uzumaki",5,11,14,17
"FLOOR","Fl0ating:","yuichi NAGAO",6,12,15,18
"FLOOR","Brave Power Leader 《 = Voltage = 》","概念",6,13,16,18
"FLOOR","Petit espoir","しーけー",6,13,16,18
"FLOOR","PRIDE of the FIREBALL","かぼちゃ feat. CO-DA",5,12,15,17
"FLOOR","HALO","Tatsunoshin",7,14,17,19
"FLOOR","MILITARY R04D","Enterskip",7,14,17,19
"FLOOR","MURASAME","Hommarju",6,11,16,18
"FLOOR","零天視","隣の庭は青い(庭師+Aoi)",6,13,16,18
"FLOOR","I Left for my Right","あの日字数制限に負けて追い出された「ゃ」",5,12,15,17
"SDVX 오리지널","Avalanx","隣の庭は青い(庭師+Aoi)",7,14,17,19
"FLOOR","Across the Starlight","かゆき",6,13,16,18
"SDVX 오리지널","いまきみに","Silentroom as "少年R"",8,15,18,20
"FLOOR","Imperator","Xe (αirlemoneX)",6,13,16,18
"FLOOR","運命超過乃巡合","Aoi feat. Gra+yanshu",5,12,14,17
"동방 어레인지","ancient garden","Cororo",4,9,16
"FLOOR","ØƵ","Hommarju ft. Mayumi Morinaga",6,14,16,18
"SDVX 오리지널","赫焉","打打だいず vs. siromaru",7,14,17,19
"SDVX 오리지널","極夜、暁を望んで","めと(Metomate)",6,13,16,18
"FLOOR","QUAKE","Polyphonix",4,11,14,17
"동방 어레인지","Clash of swords","Noah",6,12,17
"SDVX 오리지널","Grandeur","CANVAS x RoughSketch feat. Quimär",6,13,16,18
"SDVX 오리지널","光風霽月","影虎。",6,13,16,18
"FLOOR","Corrupting Wonderland","u-z feat.CHERICa",6,12,15,18
"FLOOR","Continuous Moment","影虎。",5,12,15,17
"FLOOR","サクラノソバニ！","Ray_Oh feat.みかん汁",5,12,15,17
"FLOOR","SHARK ATTACK","ryhki",6,12,16,18
"동방 어레인지","S1CK_F41RY","HOUJIROU",5,11,17
"FLOOR","紫焔双穿","かめりあ",7,14,17,19
"FLOOR","神罰","cosMo＠暴走P",6,13,16,18
"SDVX 오리지널","STIGMA","U-ske feat. 棗いつき",6,13,16,18
"SDVX 오리지널","Stairway to the sun","Noah",6,13,16,18
"FLOOR","Struggle for Revival","NitoK",5,12,15,17
"SDVX 오리지널","すべてが幻になった後で","かめりあ・超機装幻楽隊",7,14,17,19
"FLOOR","Zero-Day Exploit","Trerey-U",6,11,17
"FLOOR","charm♡you","U-ske feat.花柚",4,11,15,17
"FLOOR","Chakra","uma",4,11,14,17
"FLOOR","チクサクコールが懐かしい","諸星なな feat.加藤はるか",5,12,15,17
"FLOOR","Twin Rocket","uno feat.ちよこ(IOSYS)",5,11,17
"FLOOR","Discloze","lapix",5,10,17
"동방 어레인지","Deadly Dolly Dance","Shiron",6,12,17
"FLOOR","Twinkle Rookie","Halv",6,12,15,18
"동방 어레인지","常夏！！クリスタライズ・シャーベット","Ayatsugu_Otowa",5,11,17
"FLOOR","涙の女神と無形のエトワル","Yu-dachi",6,13,16,18
"FLOOR","二分間の世界","Cororo",6,13,16,18
"FLOOR","NEON LOVE♥POTION!!!","パイタン",5,11,14,17
"동방 어레인지","NECRO PARTY","VALLEYSTONE vs udouddo",5,11,16
"FLOOR","Never Ending Future","#EmoCosine",6,13,16,18
"FLOOR","NOT YOUR IDOL","Yuta Imai",6,13,16,18
"FLOOR","Happy Sensation","IckPo",5,11,17
"FLOOR","Hydroblast","Aoi vs. siromaru",6,12,15,18
"SDVX 오리지널","VΛZiLiSQ","BlackY",7,14,17,19
"FLOOR","Heroine is here","クルトン feat.ケィニ",4,11,14,16
"FLOOR","フェアリーテイル・ラヴァーズ","みーに＠メルヘン風紀委員会書記",5,12,15,17
"SDVX 오리지널","Fαtα∠ Ent∠mEnt","CHUBAY",7,14,17,19
"FLOOR","PHOTON BLAXT","seatrus",6,12,15,18
"SDVX 오리지널","Bl∞min'","MisoilePunch♪ -Forever-",8,15,18,20
"동방 어레인지","Mayohiga Spurt","さわわ",5,11,17
"FLOOR","夢幻泡影","wa.",6,12,15,18
"FLOOR","メテオライツ・プレリュード","みーに",5,11,14,17
"동방 어레인지","柳の下のデュラハン hard chaos mix","albel.",6,12,17
"FLOOR","勇者の卒業式","Verdammt",4,11,14,17
"FLOOR","ユキバレ＊ぱれいど","coTatsu",4,11,14,16
"동방 어레인지","Little princess has no identity.","0kash",5,11,17
"FLOOR","黎明の情","TAKU1175 ft.駄々子",5,12,14,17
"FLOOR","REGALIA","Riz",6,12,17
"SDVX 오리지널","LaμreLs ~the Angelus~","Ashrount",7,14,17,19
"SDVX 오리지널","Lost Parliament","Juggernaut.",6,13,16,18
"FLOOR","ROZELCIA","brz1128",6,13,16,18
"BEMANI","Amazing Mirage","lapix",5,12,15,18
"BEMANI","Element of SPADA","猫叉Master feat.霜月はるか",5,11,14,17
"BEMANI","KAMAITACHI","DJ TECHNORCH fw. GUHROOVY",6,13,16,18
"BEMANI","Chewingood!!!","TORIENA",5,12,15,17
"BEMANI","ディスコルディア","ぺのれり vs. BEMANI Sound Team "HuΣeR"",7,14,17,19
"BEMANI","2 Beasts Unchained","kors k vs Yooh",7,14,17,19
"BEMANI","ピアノ協奏曲第１番”蠍火”","virkato",7,14,17,19
"BEMANI","Verflucht","Tyrfing",6,13,16,18
"BEMANI","Fegrix","Xceon vs DJ Command (Eurobeat Union)",6,13,16,18
"BEMANI","Follow Tomorrow","HHH×MM×ST",4,10,14,17
"BEMANI","Please Welcome Mr.C","C-Show",6,13,16,18
"BEMANI","One More Lovely","Risk Junk",7,14,17,19
"FLOOR","Archangelio","Juggernaut.",6,13,16,18
"FLOOR","Aqua,Luna-rium","凛々咲",3,10,13,16
"BEMANI","ABSOLUTE(ismK passionate remix)","ismK",4,12,15,17
"FLOOR","Unleashed Redness","DecisionS (kanone + nora2r)",6,13,16,18
"BEMANI","Impress(siqlo's Hi-Tech Veats)","siqlo",5,11,14,17
"FLOOR","End of Guilty","kanone",6,12,16,18
"BEMANI","onslaught -Retaliation of Bahamūt-","かめりあ",7,14,17,19
"FLOOR","神にした彼女が示す世界線","上村香月",6,13,15,17
"FLOOR","恋は君のそばでサクラサク","榮田一貴 feat.冬乃桜＆永久毎日",3,10,13,16
"FLOOR","Going My Future!","#EmoCosine",6,13,16,18
"FLOOR","Xymatic Scope","MasKaleido feat. ぁゅ",5,12,15,17
"FLOOR","The King Of Red","Hommarju",6,13,16,18
"FLOOR","XXanadu#climaXX","概念",6,13,16,18
"FLOOR","Decadence Mission","Jerico",6,13,16,18
"BEMANI","ナナホシのうた","Retropolitaliens(Ms.+駄々子)",3,10,14,16
"FLOOR","爆烈歓迎♪エクストリーム飲茶旋風脚ッ!!","BlackY feat. Risa Yuzuki",6,13,16,18
"FLOOR","party:stage","かゆき",6,12,16,18
"FLOOR","Bigbang Faker","BlackY",6,13,16,18
"FLOOR","FAR GONE","493Water",6,13,16,18
"BEMANI","Blue Forest(NightBounce Remix)","kanone",4,10,14,17
"FLOOR","Holy Trail","satie",7,13,16,19
"동방 어레인지","Voltage Higher","A-One",5,10,14,17
"FLOOR","まみむめ🍄まるっと🍄まっしゅるーむ🍄🍄","かめりあ as "まいたけラヴ" feat. ななひら as "エリンギ大好き"",5,13,15,18
"FLOOR","Memory Flow","兎波かなで feat.とうな",6,13,15,18
"FLOOR","M-O-R-F-I-N-E","u-z feat.紫咲ほたる",5,12,15,17
"SDVX 오리지널","You Are My Best RivaL!!","cosMo＠暴走P",7,15,18,20
"FLOOR","Rapsodia d'amore","xi",7,14,17,19
"BEMANI","Leviathan","山本真央樹",6,13,16,18
"FLOOR","Restless Waitress","winddrums",6,13,16,18
"FLOOR","WILD FIRE","がるる",4,12,14,17
"BEMANI","アガット","Bazole",6,13,16,18
"BEMANI","Welcome to the Mosh Pit","lapix",5,12,15,18
"BEMANI","[E]","dj MAX STEROID",5,11,14,17
"BEMANI","少年リップルズ","常盤ゆう",6,13,16,18
"FLOOR","蝕","めと（Metomate）",6,13,16,18
"FLOOR","十の試煉","打打だいず vs. siromaru",7,14,17,19
"FLOOR","Xb10r","隣の庭は青い(庭師+Aoi)",7,14,17,19
"FLOOR","火狐之舞","影虎。",6,13,16,18
"FLOOR","MixxioN","MisoilePunch♪",8,15,18,20
"FLOOR","Rhapsody ⚙f Triumph","かめりあ・超機裝旋楽隊",7,14,17,19
"FLOOR","refluxio","Juggernaut.",6,13,16,18
"FLOOR","EncorE & cALL","CHUBAY",7,14,17,19
"FLOOR","Wings to fly high","Noah",6,13,16,18
"FLOOR","AIM HIGHER","U-ske feat. 棗いつき",6,13,16,18
"FLOOR","All for One","CANVAS feat. Quimär",6,13,16,18
"FLOOR","AμreoLe ~for Triumph~","Ashrount",7,14,17,19
"FLOOR","XHRONOXAPSULΞ","Silentroom",8,15,18,20
"FLOOR","ZEUS","BlackY",7,14,17,19
"SDVX 오리지널","ゔぉるみっくす!!!!","かめりあ feat. ななひら",6,13,16,18
"SDVX 오리지널","sparky spark","kamome sano",6,12,15,17
"SDVX 오리지널","Test Flight","黒魔",5,12,15,18
"SDVX 오리지널","Perfect Ultimate Celebration!!","2時間でPUCされたかぼちゃ",6,13,16,18
"SDVX 오리지널","Foolish Again","lapix",5,12,15,17
"SDVX 오리지널","PLANISPHERE","SOUND HOLIC feat. Nana Takahashi",4,11,14,17
"SDVX 오리지널","夢の終わり、世界のはじまり。","TAKU1175 ft.駄々子",4,11,14,17
"BEMANI","オリガミカル・スウィートラヴ","かめりあ feat. ななひら",5,12,15,17
"BEMANI","キカイノミルユメ","はがね",4,10,13,16
"BEMANI","～仔羊のナヴァラン・クリシェを添えて～","PiyoPiyo Kitchen",6,13,16,18
"BEMANI","NIN-NIN-NIN!!","よああああ（ああああ＋yoa）",5,12,14,17
"BEMANI","Refrain","お月さま交響曲",6,13,16,18
"BEMANI","eXtridia","unatra×Nego_tiator",5,13,15,17
"BEMANI","Star☆Beat","PandaBoY feat.ななひら",6,13,16,18
"BEMANI","スノウイコン","mazuka153",4,11,14,17
"BEMANI","みたらしプラトニック (feat. nicamoq)","Yunomi",5,11,14,17
"BEMANI","Red＋White＝Kawaii","こすも８ｂｉｔ",6,13,16,18
"SDVX 오리지널","《Re:miniscence》","かねこちはる",8,15,18,20
"FLOOR","The Clown of 24stairs","Yu_Asahina",7,14,17,19
"SDVX 오리지널","Reverenced Flower","ぺのれり",7,14,17,19
"FLOOR","文月","nonomori feat. 亜沙美",3,10,14,16
"SDVX 오리지널","BAYONEX","かめりあ as "Revenge of Riot"",7,14,17,19
"SDVX 오리지널","αzalea","BlackY",7,14,17,19
"FLOOR","Vallasotiena","ろひ",6,13,16,18
"FLOOR","G4ME ØVEЯ","Takenoko boy feat. metyao",6,13,16,18
"SDVX 오리지널","ドゥサンコオデッセイ!!","cosMo＠暴走P",7,14,17,19
"FLOOR","2094","Yuta Imai vs Blacklolita",5,12,14,17
"FLOOR","Cappuccino Hearts","nora2r",6,13,16,18
"동방 어레인지","イヤホンロマンス","COOL&CREATE × 宝鐘マリン",3,12,14,16
"BEMANI","EGOISM 440 (Ange;art remix)","Ange;art",6,13,16,18
"동방 어레인지","Over the Border","COOL&CREATE × 宝鐘マリン feat.不知火フレア",2,10,13,16
"동방 어레인지","キャプテン・マリンのケツアンカー","COOL&CREATE × 宝鐘マリン",4,11,14,17
"동방 어레인지","シアワセうさぎ・ぺこみこマリン","COOL&CREATE × 兎田ぺこら、さくらみこ、宝鐘マリン",2,9,13,16
"BEMANI","ばらんが!!!!","かめりあ feat. ななひら",5,12,15,18
"동방 어레인지","Help me, ERINNNNNN!! #幻想郷ホロイズムver.","COOL&CREATE × 宝鐘マリンと愉快な仲間たち",5,12,15,17
"동방 어레인지","ホイホイ☆幻想ホロイズム","COOL&CREATE × 宝鐘マリン with ホロイズムファンタジー",5,12,15,18
"FLOOR","Enter The Fire","Yooh",4,11,14,17
"FLOOR","FEEL THE FORCE","brz1128",6,13,16,18
"FLOOR","#Namescapes","#Namescapes",2,12,15,18
"BEMANI","Elemental Creation -xiRemix-","xi",6,13,16,18
"BEMANI","nostos -ark remix-","Se-U-Ra + しーけー",5,12,15,18
"BEMANI","Macuilxochitl (Latin Jazz Mix)","technoplanet",6,13,16,18
"FLOOR","恋愛♡悪戯！？まじかる☆ぱふゅ～む！！","さわわ feat.杠葉えりか＆凜々",6,13,16,18
"FLOOR","りむむむむむむ","立秋 feat.ちょこ",6,12,15,18
"FLOOR","Vanishing Eidos","めと（Metomate）",5,13,15,18
"FLOOR","木洩れ日に咲く","seatrus feat.杠葉えりか",5,11,15,17
"FLOOR","SuperMiracleEnsemble","fnylsp",6,13,16,18
"FLOOR","響く静寂","テヅカ",4,12,14,17
"FLOOR","Metagame Matador","RoughSketch vs MAD CHILD",6,13,16,18
"FLOOR","Le Merle Noir","Rigel Theatre",3,9,14,16
"FLOOR","恋獄対刃","あるふぁ＋凜々",4,11,14,17
"FLOOR","Innocent Azure","kuro",6,13,16,18
"FLOOR","月下の舞兎祭","Aoi feat. Kuroa*",5,12,15,17
"FLOOR","Souhait bleu","しーけー",6,12,16,18
"FLOOR","Now loading…","つきみぐー、×如月結愛",2,10,14,16
"FLOOR","Fun walk!!","Enterskip",5,11,15,17
"FLOOR","Verstärkt Killer","MALVA.",5,11,14,17
"FLOOR","Whip☆Drip","pan+テヅカ feat.桃雛なの",5,13,15,17
"FLOOR","ラヴ♡チャンス!!","Ponchi♪ feat.はぁち",6,13,16,18
"BEMANI","ABSOLUTE (saminun mix)","あさり(saminun)",5,12,14,17
"BEMANI","EMERALDAS (Yuta Imai Remix)","Yuta Imai",6,13,16,18
"BEMANI","#EmoCloche","#EmoCosine",6,13,15,18
"BEMANI","SHION -sublimation mix-","BlackY feat. Risa Yuzuki",5,12,15,17
"BEMANI","Scars of FAUNA(ろひ Remix)","ろひ",4,13,16,18
"동방 어레인지","トランスダンスアナーキー","暁Records",5,11,15,17
"BEMANI","ナスカの丘 (Hi-NRG Remix)","Hyuji feat. LIQU@。& TadashiYamamoto",3,10,14,16
"BEMANI","ナナホシ(lovely bubbly party mix!)","naka3",5,11,13,16
"동방 어레인지","緋色月下、狂咲ノ絶 (nayuta 2017 ver)","EastNewSound",4,11,15,18
"BEMANI","POSSESSION (Aoi Q.E.D. RMX)","Aoi",6,13,16,18
"동방 어레인지","門門しましょ","ビートまりお（COOL&CREATE）",4,10,14,17
"동방 어레인지","WARNING×WARNING×WARNING","暁Records",3,10,14,18
"FLOOR","Gimme dreamin'","BlackY feat. Risa Yuzuki",5,12,15,17
"FLOOR","孤月群雲に沈む","めと（Metomate）",4,11,14,17
"FLOOR","PSYCHO+HEROES","かめりあ",6,13,16,18
"FLOOR","Screaming!!","CielArc",5,11,14,17
"FLOOR","Your SOUL Is Mine","fZy",6,13,16,18
"FLOOR","eternite","Ryo Arue",6,13,16,18
"FLOOR","Thank you for your playing music","かぼちゃ feat. miko",6,13,16,18
"FLOOR","Defining Future","！すでのな",6,13,16,18
"FLOOR","Non RolicK!!大冒険","Croire",5,12,15,17
"FLOOR","who I am","カエルとネコ",4,10,14,17
"FLOOR","le coeur patissiere","U-ske feat.Ri9",5,11,14,17
"FLOOR","€omet popcorn","pan",6,13,16,18
"FLOOR","Devastated Territory","ryhki",5,12,15,17
"FLOOR","Hurt me plenty","Noah",6,13,16,18
"SDVX 오리지널","apo:llioth","Juggernaut.",6,13,16,18
"SDVX 오리지널","With It This Heaven?","technoplanet",6,13,16,18
"SDVX 오리지널","Calamity Tempest","Diceros Bicornis",7,14,17,19
"SDVX 오리지널","Daisycutter","ETIA.",7,14,17,19
"SDVX 오리지널","飄える翼追い掛けて","かめりあ feat. かめりあ",7,14,17,19
"SDVX 오리지널","MAYHEM","RoughSketch x CANVAS feat. Quimär",8,15,18,20
"SDVX 오리지널","ΛΛemoria","MisoilePunch♪",7,14,17,19
"FLOOR","Valkyrja ~Aldrlag~","ℱsinfonia (Yu_Asahina 溝口ゆうま かなたん 大瀬良あい)",6,12,15,18
"FLOOR","おどりましょうよ！ドラゴンさん ～転生したらゲーム曲でした～","諸星なな feat.加藤はるか＆廣瀬祐輝",4,11,14,17
"FLOOR","Φnd:you","かゆき",6,13,16,18
"FLOOR","Blessing Bouquet","setu-O",6,13,16,18
"FLOOR","Me:Tear","タケノコ少年 feat. 荒巻",5,12,15,17
"FLOOR","MICHIZURE","708/残響P",4,11,14,17
"FLOOR","Innocent","Alkome",6,13,16,18
"FLOOR","Ethereal Lotus","wa. + 杠葉えりか",6,13,15,18
"BEMANI","cloche(といぼっくすうぃんぐ　みっくす)","coTatsu",4,11,14,17
"FLOOR","SLEEPWALKER","monoq+RIZARDI",6,13,15,18
"FLOOR","濁色踊るオートマタ","めと（Metomate）",5,11,14,17
"FLOOR","トーキョーサマーナイト","みーに",4,10,14,16
"FLOOR","floating girl","あるふぁ feat. とおる",3,10,13,16
"BEMANI","Blue Forest (Prog Keys Remix)","とろまる",5,12,14,17
"FLOOR","Hexennacht","rider",5,12,15,17
"FLOOR","Holy Legacy","すのうまん",5,11,14,17
"FLOOR","星の詩","しーけー feat.arinco",4,10,14,17
"FLOOR","Lazurite","sazanami",6,12,15,18
"FLOOR","Ring！Run！Nyan!!","MisomyL",6,13,16,18
"BEMANI","狂水一華","BEMANI Sound Team "HuΣeR Vs. SYUNN" feat.いちか",6,13,16,18
"FLOOR","VVelcome!!","MisoilePunch♪",7,15,18,20
"FLOOR","†:OLPHEUX:†","Juggernaut.",7,14,17,19
"FLOOR","GEMINI LA2ER","ミカルコスモ(せらみかる×cosMo＠暴走P)",6,13,16,18
"FLOOR","春告胡蝶","BlackY feat. Risa Yuzuki",6,13,16,18
"FLOOR","ミュージックプレイヤー","Retropolitaliens(Ms.+駄々子)",6,12,15,18
"FLOOR","LubedeR","C-Show",7,14,17,19
"FLOOR","Redshift 2nd Ignition","technoplanet",7,14,17,19
"FLOOR","Яe:son D'être","SCHOOL CASTE(石見＆とおる)",6,12,15,18
"BEMANI","memento mori -intro-","あさき",6,12,16,18
"FLOOR","iberis","gaburyu feat. Frosch",3,9,13,16
"FLOOR","Electric Injury","siqlo",6,13,16,18
"FLOOR","月々紅花","7mai",6,13,15,18
"FLOOR","恋するレインガール","MasKaleido feat. ぁゅ",4,11,14,16
"FLOOR","Sparkling Laser Beam","you",5,12,14,17
"FLOOR","遷","隣の庭は青い(庭師+Aoi)",5,12,14,17
"BEMANI","DEEP PSYCHEDELIC STRIKER","影虎。",5,11,14,17
"BEMANI","POSSESSION(Gowrock Remix)","Gowrock",5,12,15,17
"BEMANI","Re：Elemental Creation","uma meets モリモリあつし",6,13,16,18
"BEMANI","Our Love","lapix",6,13,16,18
"BEMANI","EGOISM -Rebuild-","HAMA topground",5,10,14,17
"BEMANI","Mynarco(Nagomu 2Step Remix)","Akizuki Nagomu feat. fu-ko",6,13,16,18
"BEMANI","焦がれ唄","ちきんぐ feat.TEA",4,10,13,16
"BEMANI","Still Lonesome","PSYQUI",5,11,14,17
"BEMANI","Bioslaves","mazuka153",5,12,14,17
"BEMANI","Bolérrot","かねこちはる",6,12,15,18
"BEMANI","MeteorA","Verseus",6,13,16,18
"FLOOR","Ichi-Go! DX Pancake!","梅干茶漬け",6,12,15,18
"FLOOR","おはようからおやすみまでかまってポメポメ","立秋 feat.ちょこ",6,13,16,18
"FLOOR","Dooooope","RiMo",3,10,13,16
"FLOOR","DO-IT-AMA-SITE!!!","MYUKKE.",5,12,14,17
"FLOOR","Flaa Behavior","borzy",4,11,13,16
"FLOOR","floorkiller","テヅカ",5,11,14,17
"FLOOR","Over The Top","Ashrount",6,14,16,18
"FLOOR","トマヨイ","Spacelectro feat.椎木レク",6,13,15,18
"FLOOR","Historia of Velnoti","KV.S&はらたま",5,12,15,17
"FLOOR","夢見草奇譚","Paradise Eve feat.しゃみお",5,11,14,17
"FLOOR","World of Iris","polysha",6,13,16,18
"FLOOR","色を喪った街","かめりあ feat. かめりあ",7,14,17,19
"FLOOR","Katharsis","u-z feat.CHERICa",6,13,16,18
"FLOOR","SAMURAI TIGER","ぽんきち&ゆんゆん",6,13,16,18
"FLOOR","666","RoughSketch",8,15,18,20
"FLOOR","ZEИITH","Ashrount vs polysha",6,13,16,18
"FLOOR","9TH5IN","ETIA.",7,14,17,19
"FLOOR","ЯeviveR","Diceros Bicornis",7,14,17,19
"BEMANI","Impress (bansou Remix)","bansou",5,12,14,17
"BEMANI","Elemental Creation (kamome sano Remix)","kamome sano",6,13,16,18
"SDVX 오리지널","VIVIDWAVERS","SDVX SOUND UNION",5,12,15,17
"ひなビタ♪/バンめし♪","ハレ トキドキ メランコリック","ここなつ",3,8,14,17
"ひなビタ♪/バンめし♪","Finally Dive -kors k Remix-","ここなつ",4,11,14,16
"BEMANI","ABSOLUTE (EUROBEAT REMIX)","Tracy vs. Yu_Asahina",5,11,14,17
"BEMANI","Valanga(polysha Remix)","polysha",6,13,16,18
"BEMANI","SHION (ロースピード幻想チューン Remix)","HOUJIROU feat. 駄々子",3,9,13,16
"FLOOR","Vividly Impromptu","BlackY",6,13,16,18
"FLOOR","祭囃子","709sec. feat.Yui Chinen",5,11,14,17
"BEMANI","ランカーキラーガール","中島由貴 × いちか",5,12,15,18
"FLOOR","Call of the World","お月さま交響曲",6,13,16,18
"FLOOR","Turn the story","technoplanet feat. Kuroto Sion",6,13,16,18
"FLOOR","Jacob’s Elevator","まろん (IOSYS)",6,12,15,18
"FLOOR","ЯegreT of MemoRy","からとP vs タケノコ少年",6,12,15,17
"SDVX 오리지널","OUTERHEΛVEN","Juggernaut.",7,14,17,19
"SDVX 오리지널","* Erm, could it be a Spatiotemporal ShockWAVE Syndrome...?","かめりあ",8,15,18,20
"SDVX 오리지널","θコトノハθカプセルθ","cosMo＠暴走P",7,14,17,19
"SDVX 오리지널","Teufel","Hommarju",6,13,16,18
"SDVX 오리지널","Butterfly Twist","Yooh",6,12,15,18
"SDVX 오리지널","Pulsar","はがね",6,12,15,18
"SDVX 오리지널","pique","星野音楽工房",6,13,16,18
"FLOOR","ultra turbo","kamome sano",4,11,14,17
"FLOOR","近未来百鬼夜行譚～死返之巻～","近未来妖怪活劇をかぼちゃが謡う！　いざ！",5,12,14,17
"FLOOR","PARTY TIME!","RoughSketch & Hommarju",6,13,16,18
"FLOOR","D1g1t1ze b0dy","シルクパラソル（yoa＆かゆき） feat. まめこ",5,10,14,17
"FLOOR","Pixelated Platform","pan",4,10,14,17
"BEMANI","Afterimage d'automne","BEMANI Sound Team "猫叉劇団"",6,13,15,17
"BEMANI","おーまい！らぶりー！すうぃーてぃ！だーりん！","BEMANI Sound Team "PON" feat.NU-KO",4,11,14,17
"BEMANI","最小三倍完全数","DJ TECHNORCH",6,13,16,18
"BEMANI","Six String Proof","BEMANI Sound Team "Yvya × Mutsuhiko Izumi"",5,12,14,17
"BEMANI","toy boxer","BEMANI Sound Team "S-C-U & SYUNN"",5,12,15,17
"BEMANI","Trill auf G","BEMANI Sound Team "dj TAKA"",6,14,17,19
"BEMANI","BLACK JACKAL","Akira Complex",5,11,14,17
"BEMANI","voltississimo","BEMANI Sound Team "PHQUASE"",7,14,17,19
"BEMANI","ミッドナイト☆WAR","いちか",6,12,16,18
"SDVX 오리지널","ΣgØ","かぼちゃ",8,15,18,20
"SDVX 오리지널","ΩVERFLOW","BlackY",6,13,16,18
"SDVX 오리지널","Ghost Family Living In Graveyard","RoughSketch",7,14,17,19
"SDVX 오리지널","Sudden Visitor","黒魔",6,12,15,18
"SDVX 오리지널","petits fours","kamome sano",6,12,15,18
"SDVX 오리지널","星の透る夏空に願う","Yu-dachi",6,13,16,18
"SDVX 오리지널","Lancelot ～Flame of the Rebellion～","ぺのれり",7,14,17,19
"SDVX 오리지널","Aerial Fortress","xi",6,13,16,18
"SDVX 오리지널","Dogeza Stairs","ビートまりお（COOL&CREATE）",6,13,16,18
"SDVX 오리지널","LECTORIA","Cranky",6,13,16,18
"FLOOR","eighth-slave","Yu_Asahina",6,13,16,18
"FLOOR","Cynical Joker","brz1128",6,12,15,18
"FLOOR","PIZZATIME","Tsubusare BOZZ",6,12,15,17
"FLOOR","Mischievous theater","黒魔",5,12,14,17
"SDVX 오리지널","mqlo","C-Show",6,13,16,18
"SDVX 오리지널","OZONE","BEMANI Sound Team "Sota Fujimori"",6,12,15,18
"FLOOR","エンゲージ〆ント","Croire",6,12,15,17
"FLOOR","CLOUDS FLYER -sdvx edit-","ginkiha",4,11,14,17
"FLOOR","偶然？ 必然？ アンビバレンス！","諸星なな feat.加藤はるか&YKI",4,10,13,16
"FLOOR","Sunflower Vibes","Dustvoxx",5,12,15,17
"FLOOR","V Sen5eS","MasKaleido VS 709sec.",6,13,15,18
"FLOOR","empty","Λerdammt",5,11,14,17
"FLOOR","JǛPITΨR ♃ GЯÃVITÝ","YumAeL ex. 溝口ゆうま",5,13,16,18
"FLOOR","FIRST：DREAMS","uma vs. モリモリあつし",6,13,16,18
"SDVX 오리지널","Believe In Yourself","kors k",6,13,16,18
"FLOOR","アライヴ","あらいぐまファクトリー feat. okogeeechann",4,11,14,16
"FLOOR","Into The Madness","Yuta Imai",5,12,14,17
"FLOOR","Circulator","Reaper",5,12,15,17
"FLOOR","To:BrandNewDeadline","せいぎのあおぢる",6,13,16,18
"동방 어레인지","悪戯センセーション","森羅万象",6,12,14,17
"동방 어레인지","ΩBIRD","SOUND HOLIC feat. Nana Takahashi",6,12,15,17
"동방 어레인지","Get over!!","猫大樹",3,10,13,16
"동방 어레인지","Sweetest Paranoia","Amateras Records feat.築山さえ×抹(魂音泉)",4,10,14,16
"동방 어레인지","諏訪大信仰","ビートまりお＋あまね（COOL&CREATE）",6,12,15,18
"동방 어레인지","DESIRE","溝口ゆうま feat. 大瀬良あい",6,11,14,17
"동방 어레인지","Little Big Princess(DJ katsu EDIT)","DiGiTAL WiNG with 空音",4,9,13,16
"SDVX 오리지널","タイムトラベル","モリモリあつし",6,12,16,18
"FLOOR","Atropa bella-donna","HOUJIROU",6,13,16,18
"FLOOR","Adrenaline Rush","siqlo",5,11,14,17
"FLOOR","clear:wings","かゆき",5,11,14,17
"FLOOR","Xicholauncher","隣の庭は青い(庭師+Aoi)",6,12,15,18
"FLOOR","THE凸GENERATOR","cosMo＠暴走P",7,14,17,19
"FLOOR","シープドリーミン","テヅカ feat. 大西あみみ",5,10,14,17
"FLOOR","Chocolate Parade","Freezer feat.妃苺",6,12,15,17
"FLOOR","ツマミ戦隊 タテレンジャー","ツマミ戦隊 タテレンジャー",6,12,15,18
"FLOOR","Tribal Trial","Yooh",5,10,14,17
"FLOOR","Barbatos","Crawk × Capchii",6,13,16,18
"BEMANI","50th Memorial Songs -The BEMANI History-","BEMANI Sound Team",5,12,14,17
"BEMANI","50th Memorial Songs -二人の時 ～under the cherry blossoms～-","BEMANI Sound Team",4,11,14,16
"BEMANI","50th Memorial Songs -Flagship medley-","BEMANI Sound Team",4,11,14,16
"FLOOR","アオアラシ","やどりぎ",6,13,15,18
"FLOOR","Enchanté","winddrums",6,13,15,18
"FLOOR","Bye or not","PSYQUI feat. mikanzil",5,11,14,17
"FLOOR","VIVID DEBUT!","#EmoCosine",5,11,14,17
"FLOOR","港町レディ","フーリンキャットマーク",4,10,13,16
"SDVX 오리지널","ねこみみ(=ФωФ=)ぱんでみみっく","ねこみりん feat.小宮真央",6,13,16,18
"FLOOR","Enigma II","とろまる",5,12,15,17
"FLOOR","Aurolla","MisoilePunch♪",6,13,16,18
"FLOOR","Glorious Journey","古屋直雪",6,13,16,18
"FLOOR","Sacrifice Escape: 不条理の模倣による感情と代償","memex",5,11,14,17
"FLOOR","翠雨の祷","Cororo feat.Yuria Miyazono",6,13,16,18
"FLOOR","SociuS","Ellim Gnirps vs よみぃ",6,12,15,18
"BEMANI","50th Memorial Songs -Beginning Story-","BEMANI Sound Team",4,9,13,16
"ひなビタ♪/バンめし♪","革命パッショネイト","日向美ビタースイーツ♪",5,12,15,17
"FLOOR","Sharkbait","ryhki",5,12,15,17
"ひなビタ♪/バンめし♪","スイーツはとまらない♪","日向美ビタースイーツ♪",4,11,14,16
"SDVX 오리지널","TENKAICHI ULTIMATE BOSSRUSH MEDLEY","TENKAICHI LEGENDS",7,14,17,19
"ひなビタ♪/バンめし♪","熱情のサパデアード","日向美ビタースイーツ♪",6,12,14,17
"FLOOR","Hi-Fi!!双子'S","technoplanet feat. ＯＲＩ姫 & やみん",5,10,14,16
"FLOOR","120秒のエンドロール","colorless（からとP feat.脱線ぐーぅ）",5,11,14,17
"ひなビタ♪/バンめし♪","ヒカリユリイカ","ここなつ",3,10,13,16
"FLOOR","び","立秋 feat.ちょこ",6,13,16,18
"ひなビタ♪/バンめし♪","ベビーステップ","ここなつ",5,11,14,17
"FLOOR","無魎大数","cosMo＠暴走P",6,12,15,18
"SDVX 오리지널","Typhoon Craaash!!","A-One",6,13,15,18
"동방 어레인지","Addicted Moon","Amateras Records feat.築山さえ",4,10,13,16
"동방 어레인지","ARROW RAIN feat. ayame","Alstroemeria Records",6,13,16,18
"SDVX 오리지널","伊邪那美白山姫大神","Morrigan feat. リリィ",5,12,15,17
"SDVX 오리지널","vivid landscape","paraoka",6,12,15,17
"SDVX 오리지널","On take SUN","Sampling Masters MEGA",6,13,16,18
"동방 어레인지","Colorless feat.ももかみ","Spacelectro",5,12,14,17
"SDVX 오리지널","君は Fantasista","杉下 トキヤ",6,12,15,17
"동방 어레인지","クレイジークレイジーダンサーズ","ビートまりお＋あまね（COOL&CREATE）",6,12,15,17
"SDVX 오리지널","scary night","岸田教団＆THE明星ロケッツ",6,11,14,17
"동방 어레인지","全力ハッピーライフ","森羅万象",5,11,14,17
"동방 어레인지","Together Going My Way","DiGiTAL WiNG with 空音",4,10,13,16
"동방 어레인지","抜刀","猫大樹",4,11,14,16
"SDVX 오리지널","bistro twins☆☆☆","OSTER project feat. かなたん",6,11,14,17
"SDVX 오리지널","Believe (y)our Wings {V:IVID RAYS}","RASIS COLORS（かめりあ ft. 紫崎 雪、ぁゅ、かぼちゃ、Kuroa*、SOPHY、みかん汁、みゅい）",5,11,14,17
"SDVX 오리지널","Believe (y)our Wings {GRA5P WAVES}","GRACE COLORS（かめりあ ft. 紫崎 雪、藍月なくる、荒巻、ＯＲＩ姫、かなたん、駄々子、はるの、ななひら）",5,11,14,17
"SDVX 오리지널","BLIZZARD BEAT","SOUND HOLIC feat. Nana Takahashi",5,11,15,17
"동방 어레인지","Princess Lily","溝口ゆうま feat. 大瀬良あい",5,11,15,17
"SDVX 오리지널","真夏の海の修道女","bermei.inazawa",4,10,14,17
"동방 어레인지","真夏の蜜と唇 fm. 希望の星は青霄に昇る","ARM (IOSYS) ft. yukina (TUMENECO)",5,12,15,17
"동방 어레인지","迷夢ソウル","夕月椿(EastNewSound)",5,10,13,16
"동방 어레인지","零次元エクスプレス","SOUND HOLIC feat. Nana Takahashi",5,11,14,17
"SDVX 오리지널","lEyl","t+pazolite feat. incl*incr",6,13,16,18
"BEMANI","V","TAKA",5,12,15,18
"FLOOR","ULTRAVELOCITY","はがね",5,12,15,18
"FLOOR","ΣmbryØ","かぼちゃ",8,15,18,20
"FLOOR","Cross Fire","Hommarju vs RoughSketch",7,14,17,19
"FLOOR","GODHEART","BlackY",7,14,17,19
"FLOOR","THE HEAVEN","Juggernaut.",5,12,15,18
"FLOOR","祝福の色彩は想い結ぶ君たち迄","Yu-dachi",6,13,16,18
"FLOOR","Destiny","Yooh",6,13,16,18
"FLOOR","*Feels Seasickness...*","かめりあ",8,15,18,20
"SDVX 오리지널","Liar rain","しーけー",6,12,15,18
"SDVX 오리지널","rE:Voltagers","Tanchiky",6,13,16,18
"BEMANI","MODEL FT4","BEMANI Sound Team "Mutsuhiko Izumi"",6,13,16,18
"BEMANI","Yum Yum Sweetie","t+pazolite",6,13,15,18
"SDVX 오리지널","Barbless Ego","MAD CHILD",6,13,15,18
"BEMANI","Catch Our Fire!","中島由貴",5,11,15,18
"FLOOR","Divine's or Deal","winddrums vs cosMo",6,13,16,18
"FLOOR","ファイナルレター","かねこちはる",6,12,16,18
"FLOOR","ブチ上げ候！現代忍者三姉妹","溝口ゆうま feat. みこ♡なち♡あい",5,12,14,17
"FLOOR","Musha Vibration","NA7",6,12,15,17
"BEMANI","Sulk","SYUNN",5,11,14,17
"BEMANI","†渚の小悪魔ラヴリィ～レイディオ†","夏色ビキニのPrim",6,13,15,18
"BEMANI","Midnight City Warfare","sky_delta",6,13,16,18
"SDVX 오리지널","Cloud Crasher","Hommarju",6,13,16,18
"SDVX 오리지널","逆月","BEMANI Sound Team "HuΣeR" feat.Fernweh",7,14,17,19
"BEMANI","Elemental Creation","dj TAKA meets DJ YOSHITAKA",7,14,17,19
"BEMANI","お米の美味しい炊き方、そしてお米を食べることによるその効果。","大日本鉄倶楽部【あさき＆９６】",6,11,15,18
"BEMANI","GAIA","猫叉L.E.D.Master+",6,12,15,18
"BEMANI","STULTI","MAX MAXIMIZER VS DJ TOTTO",6,13,16,18
"BEMANI","晴天Bon Voyage","TOMOSUKE × seiya-murai feat. ALT",4,10,13,16
"BEMANI","創世ノート","PON+wac",6,12,15,17
"BEMANI","虹色の花","Akhuta y OJ",5,10,13,16
"SDVX 오리지널","ALTONA","SOUND HOLIC Vs. SWING HOLIC",6,12,15,18
"동방 어레인지","Invisible Bullets","brz1128",5,12,15,17
"동방 어레인지","Venomous Firefly","かめりあ",6,13,16,18
"동방 어레인지","Tic Exe","Se-U-Ra",5,11,14,17
"동방 어레인지","Night Rockin' Bird","kanone",5,12,14,18
"동방 어레인지","Nostalgic Blood of the Strife","Laur",6,13,16,18
"동방 어레인지","Princess K","Retropolitaliens(Ms.+駄々子)",4,10,13,16
"FLOOR","Akzeriyyuth","Team&Dj Grimoire",6,13,15,18
"FLOOR","Coldlapse","Aoi vs. r0y",5,12,15,17
"FLOOR","No way","影虎。",5,11,14,17
"FLOOR","Beyond the BLUE","Ayato × sak × 田島千種",6,13,16,18
"SDVX 오리지널","真っ白な靴","豚乙女",6,13,16,18
"동방 어레인지","4NT1 D34D","N-Driver",4,9,13,16
"동방 어레인지","Breakin' Asia","かたぎり",6,13,16,18
"동방 어레인지","蓬莱フェスティボー","溝口ゆうま feat. みこ♡なち♡あい",5,11,15,17
"동방 어레인지","Lunatic Sprinter","さわわ",6,12,15,18
"BEMANI","SUPER SUMMER SALE","BEMANI Sound Team "U1 overground"",5,11,15,18
"BEMANI","星座が恋した瞬間を。","BEMANI Sound Team "DJ TOTTO feat.MarL"",5,11,14,17
"BEMANI","Puberty Dysthymia","BEMANI Sound Team "person09"",6,12,15,18
"BEMANI","風鈴花火","BEMANI Sound Team "劇団レコード"feat.結良まり",4,10,13,16
"BEMANI","Prey","BEMANI Sound Team "Dustup"",6,13,16,18
"BEMANI","Life is beautiful","BEMANI Sound Team "猫叉Master"",6,11,14,17
"BEMANI","Rejoin","BEMANI Sound Team "HuΣeR feat.PON"",5,11,14,17
"동방 어레인지","灼熱のBlazin' Beat","CielArc",4,10,13,16
"동방 어레인지","Burning Spark!","uma & nmk feat. 橘花音",5,11,13,16
"동방 어레인지","Black night","Noah",6,13,15,18
"동방 어레인지","Liévre -blanche-","Diartzh",5,12,14,17
"SDVX 오리지널","Another Chapter","からとP feat.リた☆",5,11,14,17
"SDVX 오리지널","Absolute Domination","Laur",7,14,17,19
"SDVX 오리지널","オニユリ","ぺのれり",6,13,16,18
"SDVX 오리지널","Xronièr","かめりあ as "fluX Xroisé"",7,15,18,20
"SDVX 오리지널","コメット⇒スケイター","U-ske feat.棗いつき",5,11,14,17
"SDVX 오리지널","サイコパスラビット","うさぎ愛好会PSYCHOPATH(cosMo×syuri22)",6,13,16,18
"SDVX 오리지널","水簾ノ調","Capchii × Crawk",6,12,15,18
"SDVX 오리지널","スラッシュ//シスターズ","はるなば with すずしろ&桃箱",6,12,15,18
"SDVX 오리지널","そして黄金郷へ","TAKU1175 × かにまゆ",6,12,15,18
"SDVX 오리지널","光射す澪のユズリハ","Cororo feat.Yuria Miyazono",6,13,16,18
"SDVX 오리지널","Failnaught","xi",7,14,17,19
"SDVX 오리지널","Fly Like You","technoplanet",7,14,17,19
"SDVX 오리지널","Made In Love","黒魔",4,10,13,17
"SDVX 오리지널","REDO the NIGHT","岸田教団＆THE明星ロケッツ",6,12,15,18
"FLOOR","Dark Matter","Yooh",5,11,14,17
"FLOOR","ひとりぼっちの魔王","Verdammt",3,9,13,16
"FLOOR","ホワイトパレード","梅干茶漬け",6,13,16,18
"FLOOR","Justitia Gladius","kanone",6,12,15,17
"FLOOR","Levier'n NābYss","MisoilePunch♪ ~Take No Complete~",6,13,16,18
"동방 어레인지","Invisible Full Moon 古屋直雪 remix","古屋直雪",4,10,13,16
"동방 어레인지","Victim of Nights","すのうまん",6,12,15,18
"동방 어레인지","少女綺想曲 -G.X.N. Remix-","激戦の人",5,12,14,17
"동방 어레인지","Mysterious Nights","あさり",4,9,13,16
"FLOOR","BLAZING_LAZER","brz1128",6,12,16,18
"FLOOR","Melty Sweets","Ironami",5,11,14,17
"SDVX 오리지널","She Turns Me On","BEMANI Sound Team "Sota Fujimori"",6,13,15,18
"동방 어레인지","KIMIDORI Streak!!","梅干茶漬け",6,12,15,18
"FLOOR","Gate of Atlantis","MasKaleido",6,13,15,18
"동방 어레인지","Secret Traveler -MeniRemix-","Adust Rain",5,10,14,17
"FLOOR","Knights Assault","零 -zero-",6,12,14,17
"동방 어레인지","プレインエイジア(MRM REMIX)","モリモリあつし",6,12,14,17
"FLOOR","MeteorGlow Aftermath","pan",6,13,16,18
"BEMANI","ECHIDNA","HuΣeR",6,12,15,18
"BEMANI","Chrono Diver -PENDULUMs-","猫叉L.E.D.Master+",7,14,17,19
"동방 어레인지","ILL-STARRED Diver","polysha",5,11,13,17
"동방 어레인지","煙","庭師",5,12,14,17
"FLOOR","SUPER BUBBLE JOURNEY","こふ",5,11,14,17
"BEMANI","Touch My Body","anubasu-anubasu",5,12,15,18
"동방 어레인지","誰が為に兎は舞う＝狂速狂騒曲＝","うさぎ愛好会(cosMo×syuri22)",6,13,16,18
"FLOOR","Blue Stream","とろまる",5,12,14,17
"BEMANI","片翼のディザイア","Endorfin.",5,12,15,17
"FLOOR","LastΩmegA","BlackY",6,13,16,18
"BEMANI","La Danza del Fuego","Kiryu",4,11,14,16
"BEMANI","Redshift","technoplanet",6,13,16,18
"SDVX 오리지널","PROVOES*PROPOSE <<êl fine>>","Yu_Asahina as "papyrus"",6,13,16,18
"동방 어레인지","アワデコノヨヲ","AMAZE",5,12,15,17
"FLOOR","Iridescent Clouds","Hidra-Xjeil",6,11,14,17
"FLOOR","SAtAN","P*Light",6,13,16,18
"동방 어레인지","disordered asia","シイナフユキ",4,10,13,16
"FLOOR","Divine's:Bugscript","かゆき",6,13,15,18
"동방 어레인지","Two of Us","Sound CYCLONE",4,8,12,16
"동방 어레인지","Dreaming feat. nomico","Alstroemeria Records",4,10,13,17
"동방 어레인지","私の恋色。","テヅカ feat. 大西あみみ",5,11,13,16
"SDVX 오리지널","Arcade Prison","MAD CHILD vs. siromaru",5,11,14,17
"BEMANI","Evans","DJ YOSHITAKA",6,13,15,18
"BEMANI","RHYZING BEAT","PHQUASE",5,12,15,18
"SDVX 오리지널","まじかる生主＠りすなちゃん","DJ SHARPNEL feat. みらい",6,12,15,18
"SDVX 오리지널","業焔繚乱","BlackY",6,12,15,18
"BEMANI","Sky High","Cuvelia",6,13,15,18
"SDVX 오리지널","スピーカーガール！","TAKU1175 feat.かなたん",5,10,13,16
"BEMANI","CHERNOBOG","漆黒のEBONY",6,13,16,18
"BEMANI","Phlox","Sota Fujimori 2nd Season",5,12,14,17
"SDVX 오리지널","BELOBOG","BEMANI Sound Team "純白のIVORY"",7,14,17,19
"BEMANI","蟲の棲む処","かめりあ feat. Nana Takahashi",6,12,15,17
"SDVX 오리지널","Royal Judgement","Kobaryo",6,11,14,17
"BEMANI","惑星☆ロリポップ","SOUND HOLIC feat. Nana Takahashi",5,11,13,16
"SDVX 오리지널","Reb∞t","BEMANI Sound Team "TAG"",6,13,16,18
"FLOOR","Awakening","technoplanet",7,14,17,19
"FLOOR","Wings of Glory","Crawk × Capchii",6,12,15,18
"FLOOR","crossing blue","ぺのれり",6,13,16,18
"FLOOR","Xéroa","かめりあ",7,14,17,19
"FLOOR","BlueMoon Princess","うさぎ愛好会(cosMo×syuri22)",6,13,16,18
"FLOOR","プラネタジャーニー","U-ske feat.棗いつき",5,11,14,17
"FLOOR","メルヘン風紀委員会","はるなば with すずしろ&桃箱",5,11,14,17
"FLOOR","Яe's NoVǢ","からとP feat.リた☆",6,12,15,18
"SDVX 오리지널","GERBERA-For Finalists-","remixed by cosMo＠暴走P",7,13,17,19
"FLOOR","I","黒魔",8,15,18,20
"FLOOR","A Lasting Promise","Laur",7,14,17,19
"FLOOR","CUTE-Reflection","7mai",6,11,14,17
"FLOOR","Cloud 9","雄之助",6,13,16,18
"FLOOR","Sacrifice and Faith","ℱsinfonia（Yu_Asahina　溝口ゆうま　かなたん　大瀬良 あい）",6,12,15,18
"FLOOR","神話に芽吹く","Cororo",6,12,15,18
"FLOOR","僕らの時間","テヅカ feat. 大西あみみ",6,11,14,17
"FLOOR","羅生門","TAKU1175 × かにまゆ",6,13,15,17
"FLOOR","Last Resort","xi",7,14,17,19
"FLOOR","BREAKNECK NY☆N! NY★N!","ZerA",6,12,15,17
"FLOOR","planetarium","SUi",6,12,15,17
"BEMANI","MONOLITH","TOMOSUKE",6,13,15,18
"FLOOR","Lionheart","P4koo",5,11,14,16
"FLOOR","Random Box","LATI",4,10,13,16
"BEMANI","CARNIVOROUS","SOUND HOLIC feat. Nana Takahashi",5,11,13,17
"BEMANI","スカイダイバー","ヒゲドライバー feat.ヒゲドライVAN",5,11,13,16
"BEMANI","SPACE VILLAGE","サイバー劇レコ",6,12,14,17
"BEMANI","それは花火のような恋","夏色バーニングラブ☆Prim",6,12,14,17
"BEMANI","トキメキストリーム","Qrispy Joybox",4,10,13,16
"BEMANI","びいすと！","ビートまりおとARM",6,12,15,18
"SDVX 오리지널","VOLTEXES IV","BEMANI Sound Team "Sota Fujimori"",5,11,14,17
"BEMANI","メイビ～初恋！？ビスケット☆大作戦","DJ TOTTO×mitsu feat.BisCo(CV:洲崎綾)",6,13,16,18
"BEMANI","Lost wing at.0","猫叉Master+",6,12,15,17
"BEMANI","НУМЛ","Zutt",6,12,15,18
"FLOOR","極彩天奏","かゆき",6,12,15,18
"FLOOR","Zelophilia","ぺのれり feat.ぁゅ",5,12,15,17
"FLOOR","ツキアカリ","タケノコ少年",6,11,14,17
"FLOOR","ボーイミーツ・ブルー","うさぎ愛好会(cosMo×syuri22)",5,10,13,17
"ひなビタ♪/バンめし♪","ルミナスデイズ","ここなつ",4,8,12,16
"FLOOR","Lowermost revolt","かめりあ feat. 歌劇派学生",6,13,16,18
"FLOOR","Royal Action","BlackY",6,12,14,17
"FLOOR","KAC 2013 ULTIMATE MEDLEY -HISTORIA SOUND VOLTEX- Empress Side","FLOOR LEGENDS -KAC 2013-",7,13,18,19
"SDVX 오리지널","Nexta","lapix",6,12,15,18
"FLOOR","おにいちゃんハイテック","立秋 feat.ちょこ",5,10,13,17
"FLOOR","Chaotic Romance","はるなば",6,11,14,17
"FLOOR","Khionos TiARA","Ellim Gnirps vs よみぃ",6,13,16,18
"FLOOR","Goddess Bless you","winddrums",6,12,15,18
"FLOOR","Xibercannon","隣の庭は青い(庭師+Aoi)",6,12,15,17
"FLOOR","Destruction & Qreation","polysha+inusack",5,10,13,17
"FLOOR","DropZ-Line-","Getty vs. DJ DiA",6,12,16,18
"BEMANI","Be a Hero!","中島由貴",5,11,15,18
"FLOOR","PIERROT KNIfE","まろん (IOSYS)",5,11,14,17
"SDVX 오리지널","OPEN MY GATE","ARM×狐夢想 feat. RINA (I've)",5,12,14,18
"SDVX 오리지널","All Clear!!","sky_delta",5,11,14,17
"SDVX 오리지널","Cy-Bird","Yooh",5,11,14,17
"SDVX 오리지널","#SpeedyCats","RoughSketch a.k.a. uno(IOSYS)",6,13,16,18
"SDVX 오리지널","TWO-TORIAL","BEMANI Sound Team "PHQUASE vs DJ TOTTO"",7,14,17,19
"SDVX 오리지널","Hug!! Vs. Hug!!","はるなば",6,13,16,18
"SDVX 오리지널","BEAST BASS BOMB","Hommarju",6,11,15,18
"SDVX 오리지널","Far Away","lapix",5,12,14,17
"SDVX 오리지널","闇夜に舞うは紅の華","TAKU1175",5,12,15,17
"SDVX 오리지널","GERBERA","BEMANI Sound Team "TAG"",6,12,16,18
"FLOOR","It's a new day!","パピ子りんft.ビタミンな兄貴♂＆ゆずり",4,7,12,16
"FLOOR","HP:1","Verdammt",6,12,15,18
"FLOOR","゜*。Chantilly Fille。*°","Ange;art",5,11,14,16
"FLOOR","春時雨","まし",4,9,13,16
"FLOOR","Fairy in Strasbourg","Laur",3,8,13,16
"FLOOR","Poppin’Cats!!","やどりぎ",5,11,15,17
"SDVX 오리지널","炎夏の音","Vocal by 駄々子",5,10,14,17
"SDVX 오리지널","狂騒こども節","Vocal by かなたん",4,11,14,16
"SDVX 오리지널","新米天使のメランコリー","Vocal by 荒巻",5,10,13,16
"SDVX 오리지널","地球防衛乙女パンナコッター","Vocal by はるの",3,8,12,16
"SDVX 오리지널","テレポーテーションでやってきた彼とのその後の顛末","Vocal by 藍月なくる",4,9,12,16
"SDVX 오리지널","ペタ靴と憂夜リムーバー","Vocal by ＯＲＩ姫",5,11,14,17
"ひなビタ♪/バンめし♪","キリステゴメン","東雲夏陽",5,11,14,16
"ひなビタ♪/バンめし♪","シノビシノノメ","東雲心菜",4,10,13,16
"ひなビタ♪/バンめし♪","銃弾は解を撃ち抜いて","日向美ビタースイーツ♪",5,10,14,17
"ひなビタ♪/バンめし♪","Drizzly Venom","日向美ビタースイーツ♪",5,9,13,17
"ひなビタ♪/バンめし♪","ナイト・オブ・ロンド","日向美ビタースイーツ♪",3,10,13,15
"FLOOR","couleur automnes de chocolat","Citrus and Ocean Colour",4,10,14,16
"FLOOR","Ghost Trigger","u-z feat.CHERICa",6,12,15,18
"FLOOR","Sadistic Stabbing","ぬゆりとびす",5,11,14,17
"BEMANI","Time to Air (jazz it up style)","borzy",4,10,14,16
"동방 어레인지","チルノのパーフェクトさんすう教室　⑨周年バージョン","IOSYSと愉快な⑨周年フレンズ",5,11,13,16
"FLOOR","444","ZYTOKINE feat. aki",5,11,14,17
"BEMANI","waxing and wanding(SS Remix)","しま兄",4,9,13,16
"FLOOR","WONDER_WOBBLER","brz",5,9,14,17
"BEMANI","Glitter Flatter Scatter","Project B-",6,13,16,18
"동방 어레인지","Claidheamh Soluis-光の剣- feat.はるの","猫大樹",4,8,13,16
"동방 어레인지","のぼれ八坂坂！","ビートまりおとARM",4,10,15,18
"FLOOR","Apocrypha","お月さま交響曲",5,10,14,17
"FLOOR","Grand-Guignol","モリモリあつし",6,12,15,18
"FLOOR","獅子奮迅","a_hisa vs KV.S&はらたま",5,11,15,17
"FLOOR","Spirit of the Beast","ikaruga_nex fw.tcheb",6,13,16,18
"FLOOR","Fáfnir","Aoi Sumito a.k.a. あおいひと",5,11,15,17
"BEMANI","Concertino in Blue","佐々木博史",6,12,15,18
"SDVX 오리지널","ULTiMATE INFLATiON","cosMo＠暴走Genocider",6,13,16,18
"SDVX 오리지널","神獄烙桜","かゆき",6,13,16,18
"SDVX 오리지널","Juggler's Maddness","Lite Show Magic",6,13,16,18
"SDVX 오리지널","Staring at star","MisoilePunch♪ ～タケノコ添え～",6,14,17,19
"SDVX 오리지널","セイレーン ～悲壮の竪琴～","ぺのれり",6,14,17,19
"SDVX 오리지널","Dyscontrolled Galaxy","かめりあ",6,14,17,19
"SDVX 오리지널","Deadly force","Noah",6,14,17,19
"SDVX 오리지널","FIN4LE ～終止線の彼方へ～","カモメサノエレクトリックオーケストラ",7,15,18,20
"SDVX 오리지널","WHITEOUT","かねこちはる",7,15,18,20
"SDVX 오리지널","Mirrorwall","BlackY",6,13,16,18
"BEMANI","Theme of Ricerca","HuΣeR feat.ゆきまめ",6,11,15,18
"FLOOR","Game Over","Ancraft",5,11,14,17
"FLOOR","JUNKIE FLAVOR","yaseta + Hidra-Xjeil",6,12,16,18
"FLOOR","dreamin' of u","Jun Kuroda",5,10,13,16
"FLOOR","rhythmology study","古屋直雪",5,11,14,17
"FLOOR","Legendary Road","kanone",6,13,16,18
"동방 어레인지","SACRIFICE feat. ayame","Alstroemeria Records",5,11,14,18
"동방 어레인지","廃獄ドリームランド","SOUND HOLIC feat. Nana Takahashi",4,10,14,17
"동방 어레인지","Burn everything","LiLA'c Records",2,8,13,16
"동방 어레인지","冒涜的選択のアレグリア ft. Mayumi Morinaga","Iceon(Frost Fragment)",3,7,13,15
"동방 어레인지","Root Consciousness","溝口ゆうま feat.大瀬良あい vs. QURELESS",3,10,13,16
"FLOOR","オンディーヌの泪","かねこちはる",6,11,14,17
"FLOOR","ゴーストマスコット","はるなば feat.みかん汁",4,10,13,16
"FLOOR","Gorgetech","Shiron",5,12,15,18
"동방 어레인지","少女救世論","暁Records",3,7,12,16
"FLOOR","SprrRush!!","MisoilePunch♪ feat.KIRARI",5,9,12,15
"동방 어레인지","つるぺったん","Silver Forest feat. くろねこ アキ さきち カガリ",4,10,13,16
"FLOOR","ぱあ","立秋 feat.ちょこ",4,9,13,16
"동방 어레인지","I feel something for you","556ミリメートル",2,7,12,15
"동방 어레인지","FIRE IN MY HEART","Spacelectro",2,8,13,18
"동방 어레인지","幽玄の桜","音召缶 feat.Renna",5,10,14,17
"동방 어레인지","雷鼓サンダービート","ARM(IOSYS) feat.ビートまりお(COOL&CREATE)",5,11,15,18
"동방 어레인지","Regretful Flower","Amateras Records feat.築山さえ",4,11,14,16
"동방 어레인지","私とあなたのMYOURENJI☆","歌恋人",3,7,12,16
"FLOOR","Vigor","Yooh",5,11,14,17
"FLOOR","The Golden Era","polysha",6,11,15,18
"BEMANI","405nm(Shu※mix)","Shu※",6,10,14,17
"BEMANI","Mind Mapping(ag Remix)","ag",4,9,13,16
"ひなビタ♪/バンめし♪","恋とキングコング","日向美ビタースイーツ♪",3,8,12,15
"동방 어레인지","Technical Master","天音 (Rolling Contact)",4,8,14,17
"동방 어레인지","Dystopia","DiGiTAL WiNG feat.花たん/YURiCa",2,7,12,15
"동방 어레인지","トーホータノシ (feat. 抹)","魂音泉",5,10,14,16
"동방 어레인지","NEWBORN CRYING","ZYTOKINE feat. nachi",3,9,12,16
"동방 어레인지","物凄いスペースシャトルでこいしが物凄いうた","Halozy feat. ななひら",5,11,15,17
"동방 어레인지","Crystallize Forest","奏瀬いちこ feat.Silver Forest",3,8,11,15
"FLOOR","Gaze ft. 紫崎 雪","Omnis",5,10,12,15
"FLOOR","Junk Mania","udouddo&VALLEYSTONE",5,11,15,17
"BEMANI","雪月花 (Shiron & Sound Artz Remix)","Shiron vs. Sound Artz",4,9,14,16
"BEMANI","Narcissus At Oasis (Freezer Remix)","Freezer",5,10,14,16
"BEMANI","We Go Down","DJ Genki feat. SHIN from HYPERNOVA With 三代",6,11,15,18
"FLOOR","Inscape","technoplanet",6,11,14,17
"FLOOR","VAMPIRE","nyankobrq",4,8,12,16
"FLOOR","クリスタルミサイル","フーリンキャットマーク～with 鳴紗",3,7,11,14
"FLOOR","Smoked Turkey Rag","a_hisa",4,9,12,17
"FLOOR","Cepheus","しらこいし",4,12,15,18
"FLOOR","FLOOR INFECTION Medley from SOUND VOLTEX×jubeat","United Composers from SOUND VOLTEX",6,13,17,18
"FLOOR","湖底遺跡のヴィダー・ハル","borzy & 結月そら",4,8,12,15
"FLOOR","sink into the dream","uma",4,10,14,17
"BEMANI","Genesis At Oasis (Hirayasu Matsudo Remix)","Hirayasu Matsudo",5,10,12,16
"BEMANI","POLICY BREAK Medley from SOUND VOLTEX×jubeat","United Composers from jubeat",5,12,16,18
"BEMANI","Line 4 Ruin -kohumix-","こふ",5,11,14,17
"ひなビタ♪/バンめし♪","ナナイロライト","ここなつ",3,7,12,15
"FLOOR","iLLness LiLin","かねこちはる",7,15,17,20
"FLOOR","ΩVERSOUL","BlackY",6,13,16,18
"FLOOR","Gamerz FestivaL","うさぎ愛好会(cosMo×syuri22)",6,13,16,18
"FLOOR","Sailing Force","ぺのれり",7,14,17,19
"FLOOR","超☆超☆光☆速☆出☆前☆最☆速!!! スピード★スター★かなで","かめりあ feat. ななひら",8,15,17,18
"BEMANI","Rebellio","MAX MAXIMIZER VS DJ TOTTO",7,13,17,18
"BEMANI","恋歌疾風！かるたクイーンいろは","ねこまんまチーム！",5,12,15,18
"FLOOR","Carry Me Away","lapix",5,11,14,17
"BEMANI","壊Rave*it!! 壊Rave*it!!","LeaF",6,13,15,18
"FLOOR","SO FLY ME TO YOU","ローゼライト powered by mu-ray",3,7,11,15
"BEMANI","Narcissus At Oasis -影虎。 style-","影虎。",5,10,13,16
"BEMANI","Boss Rush","USAO",6,12,15,18
"BEMANI","If","Pa's Lam System",5,11,14,17
"FLOOR","infinite:youniverse","かゆき",6,11,14,17
"FLOOR","Immortal saga","Noah",6,13,16,19
"FLOOR","Fin.ArcDeaR","MisoilePunch♪ ～タケノコ添え～",6,14,18,19
"FLOOR","HE4VEN ～天国へようこそ～","カモメサノエレクトリックオーケストラ",7,15,17,20
"FLOOR","Make Magic","Lite Show Magic",6,13,16,18
"동방 어레인지","盗宝","猫大樹",3,10,13,16
"동방 어레인지","刃の如く ft. ネコメアリ","Iceon(Frost Fragment)",3,8,12,15
"ひなビタ♪/バンめし♪","デュアルメモリ","ここなつ",3,9,14,17
"BEMANI","Engraved Mark-Gow's ill! RMX-","Gowrock",6,10,13,16
"BEMANI","Sakura Mirage -Drum'n World-","Kairys",5,10,14,17
"FLOOR","準備運動","すのうまん",6,13,15,18
"FLOOR","fancy cake!!","あるふぁ",5,9,12,16
"BEMANI","Rebuilding of Paradise Lost","Laur",5,12,14,17
"FLOOR","黎明スケッチブック","アメツチ絵日記",5,11,14,17
"FLOOR","ドリームエンド・サバイバー","ぽんきち",6,13,16,18
"FLOOR","キュリオシティ","庭師",6,12,15,18
"FLOOR","Noisy Minority","DJ Grimoire",6,12,16,18
"BEMANI","3y3s (JMBS FUNKOT RMX)","Jockie "MASTA BASS" Suama",5,11,14,17
"동방 어레인지","Alice Maestera feat. nomico","Alstroemeria Records",2,7,10,14
"FLOOR","EDEN of TRUTH","Braflare(kanone&かぼちゃ)",5,10,13,17
"BEMANI","Aurora(Latinized Style)","mommy",4,9,13,15
"BEMANI","朧 (kamome sano remix)","kamome sano feat. Kuroa*",4,10,14,15
"BEMANI","きゅん×きゅんばっきゅん☆LOVE","松下feat.Sota & wac",4,10,12,15
"FLOOR","JUGGLE","Ras",4,12,14,17
"FLOOR","水槽のクジラ","テヅカ feat. 大西あみみ",5,10,13,17
"BEMANI","starmine (nora2r Remix)","nora2r",6,11,14,16
"BEMANI","Second Heaven GravityPfArrange","cosMo＠暴走P",5,10,14,16
"BEMANI","零の位相","kradness",5,11,14,17
"FLOOR","Dharma","Massive New Krew",5,12,15,17
"FLOOR","Chocolate Planet","Freezer feat.妃苺",6,11,15,17
"동방 어레인지","Take to Lips","Sound CYCLONE feat.大瀬良あい&℃iel",2,7,12,15
"동방 어레인지","トラウマ催眠少女さとり！","DJ SHARPNEL feat. 一ノ瀬月琉",6,11,14,16
"FLOOR","Four Leaves","Endorfin.",5,10,13,17
"FLOOR","Heavenly Adventure","Soleily",5,9,14,17
"SDVX 오리지널","HEAVENLY SMILE","VALLEYSTONE feat. 紫崎 雪",5,9,13,17
"BEMANI","bass 2 bass [Tracy vs. Astronomical Remix]","Tracy vs. Astronomical",4,9,13,16
"동방 어레인지","LOVE EAST","暁Records",3,8,12,15
"FLOOR","いつかの夢、またねの約束。","TAKU1175 ft. 駄々子",4,10,14
"FLOOR","#Endroll","uno & D.watt (IOSYS TRAX)",5,11,18
"FLOOR","Quaint Echo","KLing(Aoi+Yunosuke)",6,12,18
"ひなビタ♪/バンめし♪","ヒミツダイヤル","ここなつ",3,7,15,17
"FLOOR","ゆうしゃのふゆやすみ","Verdammt",4,10,15
"동방 어레인지","シアワセうさぎ","あまね＋ビートまりお（COOL&CREATE）",2,8,13
"동방 어레인지","Lonly Ranunculus","Amateras Records feat.築山さえ",4,9,15
"BEMANI","JOMANDA","DJ YOSHITAKA",6,12,17
"SDVX 오리지널","極圏","cosMo VS dj TAKA",6,12,18,19
"동방 어레인지","アルティメットトゥルース -Phantasm-","ふりらい feat. あにょ",5,10,18
"동방 어레인지","東方妖々夢 ULTIMATE MEDLEY","uma vs. モリモリあつし",6,12,18
"동방 어레인지","Phantom dinning tonight!","Tomoya feat. 黒崎朔夜",4,10,16
"동방 어레인지","lost chain","まぁ言うてかぼちゃの色も橙だし多分大丈夫",4,9,13
"FLOOR","IKAROS DYNAMITE!!!!","BlackY",6,12,18
"FLOOR","Emperor's Divide","にゃそ",6,12,17
"FLOOR","cross the future","uma",5,12,17
"FLOOR","GEOMETRIA","Shiron",6,12,18
"BEMANI","絶対零度","かねこちはる",6,12,18
"FLOOR","↓↓↓","庭師",6,12,18
"BEMANI","ネコクマウササー","溝口ゆうま feat. みこ♡なち♡あい",5,11,15
"FLOOR","Prayer","ぺのれり",6,12,18
"ひなビタ♪/バンめし♪","バイナリスター","ここなつ",3,8,13,17
"동방 어레인지","そして紫の幻想曲は全てを受け入れる","黄泉路テヂーモ×dawn-system",5,11,17
"동방 어레인지","You Know-SDVX EDIT-","源屋 with Kuroa*",4,9,16
"SDVX 오리지널","FLügeL《Λrp:ΣggyØ》","かねこちはる",7,13,18,19
"ひなビタ♪/バンめし♪","イブの時代っ！","日向美ビタースイーツ♪",3,8,14
"BEMANI","Angelic Jelly","t+pazolite",6,12,16,18
"BEMANI","Grand Chariot","xi",5,11,16,17
"BEMANI","StrayedCatz","削除",3,8,15,17
"BEMANI","Sephirot","SHIKI",3,9,13,17
"BEMANI","ZEPHYRANTHES","TAG",6,10,13,17
"SDVX 오리지널","DIABLOSIS::Nāga","sky_delta",7,13,17,19
"BEMANI","Triple Counter","DJ YOSHITAKA meets dj TAKA",7,12,17,18
"SDVX 오리지널","NEO TREASON","lapix",5,12,16,18
"SDVX 오리지널","Lord=Crossight","ぺのれり",7,12,17,19
"FLOOR","eastward -sdvx edit-","ginkiha",4,10,16
"FLOOR","Voynich:Manuscript","かゆき",5,11,17
"SDVX 오리지널","Completeness Under Incompleteness","かめりあ as "Reverse of Riot"",5,12,16,18
"FLOOR","The End of War","たちのん as Project Mayhem",5,12,17
"SDVX 오리지널","Celestial stinger","Noah",6,12,16,18
"동방 어레인지","akasha-assembly","溝口ゆうま from セブンスヘブンAmmy's",5,12,17
"SDVX 오리지널","ウエンレラの氷華","Cororo",5,12,16,17
"동방 어레인지","Everything but the Girl","発熱巫女～ず",3,8,13
"SDVX 오리지널","Ok!! Hug Me","はるなば",6,12,16,18
"동방 어레인지","Death Blossom","REDALiCE feat. Ayumi Nomiya",5,10,15
"동방 어레인지","Never Let It End","FELT",3,9,13
"BEMANI","Laughin' Muffin","Gowrock",5,11,16
"동방 어레인지","Locus of Control","EastNewSound feat. 3L from NJK Record",3,9,13
"BEMANI","Lo-Fi-M","yaseta",5,12,16
"동방 어레인지","或る春の日","豚乙女",3,9,14
"동방 어레인지","ゲキツイムラサ","ビートまりお（COOL&CREATE）",5,11,17
"동방 어레인지","Solitude & Nightmare","猫大樹",4,10,16
"동방 어레인지","Discover the Life","A-One",4,11,16
"SDVX 오리지널","Get back here","Hommarju",6,11,16,17
"BEMANI","Time to Air -Fly High Remix-","xi",6,12,17
"BEMANI","Mermaid girl (Tropical Remix)","Hyuji feat. LIQU@。",4,10,15
"동방 어레인지","Ultimate Ascension","かめりあ",6,12,18
"동방 어레인지","鳥と桜と嘴と","マッカチン企画",3,8,13
"동방 어레인지","ハイスピヰド・ランパンシヰ","はがね",5,11,16
"동방 어레인지","Help me, ERINNNNNN!! -VENUS mix-","VENUS",5,12,16
"동방 어레인지","仙酌絶唱のファンタジア","博麗神社例大祭コラボユニット",5,10,15
"동방 어레인지","碧の疾風","君の美術館",4,9,13
"FLOOR","UROBØROS","溝口ゆうま feat. 大瀬良あい",5,11,17
"BEMANI","Critical Crystal(brz_remix)","brz",3,10,13
"동방 어레인지","Sweet little Lily","奏瀬いちこ (Silver Forest)",3,8,13
"BEMANI","雪月花 -さわわRemix-","さわわ",6,12,17
"동방 어레인지","Help me, ERINNNNNN!! -Cranky remix-","ビートまりお × Cranky",6,12,17
"BEMANI","Mind Mapping (hard liquid remix)","borzy",5,10,15
"FLOOR","Apex of the World","uma&hurirai feat.ましろ",5,11,17
"FLOOR","Endless GRAVITY","kanone",6,12,18
"동방 어레인지","crescent moon","FELT",4,9,13
"동방 어레인지","GRISAILLE","SOUND HOLIC feat. Nana Takahashi",5,10,16
"FLOOR","侍Annihilate!!","QURELESS",6,13,18
"동방 어레인지","CENSORED!!","t+pazolite",6,12,17
"SDVX 오리지널","Destroy","Yooh",6,12,16,17
"FLOOR","ブチアゲドクター☆ハイテッコ三姉妹","溝口ゆうま feat. みこ♡なち♡あい",5,11,15
"FLOOR","relegation grimoire","tsuzu",4,9,14
"동방 어레인지","恋繋エピローグ","Amateras Records feat.KUMI(ヲタみん)",5,10,15
"동방 어레인지","幻想郷DEMPASTICグリーティング","ARM(IOSYS) feat. 愛原千尋",5,11,16
"동방 어레인지","墨染 ft. ネコメアリ","Iceon(Frost Fragment)",3,9,13
"동방 어레인지","断罪は遍く人間の元に","Unlucky Morpheus",5,10,17
"동방 어레인지","弾幕注意報2014","東京アクティブNEETs",4,10,15
"동방 어레인지","Prominence","矢鴇つかさ feat. 佳織みちる",3,9,13
"BEMANI","アキネイション","ビートまりお（COOL&CREATE）",6,12,17
"BEMANI","The star in eclipse","しーけー",6,12,17
"BEMANI","Din Don Dan (Fusion Remix)","TAKU1175 feat.かなたん",5,11,16
"BEMANI","爆なな☆てすとロイヤー","ARM feat.ななひら",5,11,16
"ひなビタ♪/バンめし♪","カタルシスの月","日向美ビタースイーツ♪",4,11,16
"BEMANI","黒髪乱れし修羅となりて～凛 edition～","日向美ビタースイーツ♪",5,13,17
"ひなビタ♪/バンめし♪","虚空と光明のディスクール","日向美ビタースイーツ♪",3,7,13
"ひなビタ♪/バンめし♪","水月鏡花のコノテーション","日向美ビタースイーツ♪",4,10,15
"ひなビタ♪/バンめし♪","滅びに至るエランプシス","日向美ビタースイーツ♪",3,9,13
"동방 어레인지","Question.","Tracy feat.築山さえ",4,10,16
"동방 어레인지","人形裁判 -THIRD IMPACT-","激戦の人",5,11,17
"SDVX 오리지널","archive::zip","kamome sano",4,10,14,16
"SDVX 오리지널","Inixia","xi",5,11,16,17
"SDVX 오리지널","ERROR CODE","C-Show",5,12,13,16
"SDVX 오리지널","XROSS THE XOUL","BlackY vs. Yooh",6,12,16,18
"동방 어레인지","Phantom Ensemble (ゆんゆん Remix)","ゆんゆん",3,8,13
"SDVX 오리지널","Renegade Fruits","t+pazolite",6,12,16,18
"BEMANI","She is my wife","SUPER STAR 満-MITSURU-",5,11,16
"동방 어레인지","お嫁にしなさいっ！","ARM＋夕野ヨシミ (IOSYS)",4,9,15
"동방 어레인지","響縁","豚乙女",4,10,16
"FLOOR","Enigma","とろまる",6,12,17
"FLOOR","MG277","eicaTV vs kanone",6,12,18
"SDVX 오리지널","Never Fails","lapix",6,12,17
"FLOOR","Fox4-Raize-","Getty vs. DJ DiA",6,12,18
"FLOOR","Follow Up","あるふぁ",5,11,17
"FLOOR","REVOLVER","sky_delta",6,12,18
"FLOOR","KAC 2013 ULTIMATE MEDLEY -HISTORIA SOUND VOLTEX- Emperor Side","FLOOR LEGENDS -KAC 2013-",5,13,18,19
"동방 어레인지","しゅわスパ大作戦☆ (カシオれ！くーにゃんリミックス)","uno(IOSYS) feat.miko",5,10,16
"동방 어레인지","チルノとまりおのパーフェクトさんすう教室","ビートまりお（COOL&CREATE）",5,12,17
"FLOOR","Demise Quartet","Shiron＋こふ×モリモリあつしと提供でお送りします。",6,12,18
"동방 어레인지","Help me, ERINNNNNN!! - SH Style -","SOUND HOLIC feat. Nana Takahashi",4,9,13,16
"동방 어레인지","JEHANNEDARC","BlackY",6,13,18
"동방 어레인지","ツインソウル～輪廻する旋律～","C-CLAYS feat.小峠舞",3,9,13
"BEMANI","伐折羅-vajra-","DJ TOTTO VS 兎々",7,13,18
"ひなビタ♪/バンめし♪","アナーキーインザ夕景","ここなつ Produced by ぬゆり",5,12,16
"ひなビタ♪/バンめし♪","「ここなつ☆」は夢のカタチ","ここなつ Produced by A than_Lily",4,11,16
"ひなビタ♪/バンめし♪","Finally Dive","ここなつ Produced by lapix",4,10,15
"ひなビタ♪/バンめし♪","モラトリアムノオト","東雲夏陽 Produced by シンゴ（マッカチン企画）＆アラ",3,9,13
"FLOOR","End to end","Noah",6,12,18
"FLOOR","EMPIRE OF FLAME","かめりあ",6,12,18
"FLOOR","Candy Colored Hearts","はるなば",6,13,17
"FLOOR","雲の彼方","Cororo",5,11,17
"FLOOR","NEO GRAVITY","lapix",6,12,18
"FLOOR","Lachryma《Re:Queen’M》","かねこちはる",8,13,18,20
"SDVX 오리지널","VOLTEXES","Sota Fujimori",4,10,15
"SDVX 오리지널","VOLTEXES II","Sota Fujimori",3,9,15
"SDVX 오리지널","VOLTEXES III","Sota Fujimori",5,11,16
"ひなビタ♪/バンめし♪","激アツ☆マジヤバ☆チアガール","日向美ビタースイーツ♪",5,9,13
"ひなビタ♪/バンめし♪","漆黒のスペシャルプリンセスサンデー","日向美ビタースイーツ♪",6,12,17
"ひなビタ♪/バンめし♪","地方創生☆チクワクティクス","日向美ビタースイーツ♪",4,10,15
"ひなビタ♪/バンめし♪","neko＊neko","日向美ビタースイーツ♪",3,7,13
"ひなビタ♪/バンめし♪","フラッター現象の顛末と単一指向性の感情論","日向美ビタースイーツ♪",5,10,15
"FLOOR","Aliquam","たちのん",5,11,17
"FLOOR","XHAOS JUDGE","BlackYooh vs. siromaru",6,12,18
"FLOOR","Stleq","ぬゆり",6,11,17
"FLOOR","Never Ending","syzfonics",4,11,15
"FLOOR","Nofram","unatra",4,11,17
"VOCALOID","冥天・ヘメロカリス","u-z",5,12,18
"ひなビタ♪/バンめし♪","コンフェイト＊コンチェルト","ここなつ Produced by U-ske",3,7,14
"ひなビタ♪/バンめし♪","千客万来☆無問題！","ここなつ Produced by uma",5,10,16
"ひなビタ♪/バンめし♪","ムラサキグルマ","ここなつ Produced by はるなば",5,11,18
"FLOOR","Asian Chip City","提供",4,10,16
"동방 어레인지","Angels And Demons","すのうまん",5,10,18
"FLOOR","Oriental Blossom","影翔鼓舞",5,10,16
"FLOOR","CUTIE☆EX-DREAM","BlackY",5,12,17
"FLOOR","君がいる場所へ","VALLEYSTONE feat. 紫崎 雪",4,9,13
"FLOOR","The setting sun","DJ YASETAKA",6,11,17
"FLOOR","Seraphim","Yooh",6,12,18
"FLOOR","twilight signal","XIzE",3,8,15
"FLOOR","ドゥンガドゥンガ狂詩曲","かねこちはる + はぁち + 飛鳥男",4,10,16
"FLOOR","Backflow","lapix",5,10,17
"FLOOR","Beyond the Sandstorm","JourneyCat",4,9,16
"FLOOR","Pieces of a Dream","uma vs. モリモリあつし",5,12,17
"FLOOR","Pet Peeve","Hirayasu Matsudo",4,12,17
"동방 어레인지","Utopia","溝口ゆうま feat. 大瀬良あい",4,9,16
"SDVX 오리지널","月光乱舞","P*Light",5,12,18,19
"FLOOR","continew","Verdammt",5,11,17
"FLOOR","ちぇいす いん ざ さんしゃいん！！！","ぺのれり",4,11,16
"FLOOR","FAKE STYLE II","FAKE TYPE.",4,10,15
"FLOOR","Blacksphere","s-don as Iriss",5,12,16
"FLOOR","Le ××××","Orange Vox+ ft.konomi*",4,9,15
"FLOOR","零れる夢のレミニセンス","borzy & 結月そら",4,8,13
"FLOOR","じゅーじゅー♥焼肉の火からフェニックス！？～再誕の†炭火焼き～","かめりあ feat. ななひら",6,12,17
"SDVX 오리지널","HAELE III ~Angel Worlds~","Yu_Asahina ft. Ritsuka",5,11,15,18
"BEMANI","ドーパミン","U1 overground",6,12,18
"FLOOR","crêpe suzette","kamome sano",5,10,16
"FLOOR","Shiawase Transmission","you",4,10,16
"동방 어레인지","双翼 - Black Wings - SDVX Edit. -","SOUND HOLIC feat. 709sec. & YURiCa",5,11,16
"동방 어레인지","Treasure","発熱巫女～ず",3,8,13
"동방 어레인지","三つ数えろ","豚乙女",3,10,16
"FLOOR","Lucky*Clover","Shiron＋こふ×モリモリあつしと提供でお送りします。",6,11,17
"SDVX 오리지널","マサカリブレイド","REDALiCE",6,12,18
"BEMANI","FLOWER","DJ YOSHITAKA 「jubeat」より",5,11,18,19
"ひなビタ♪/バンめし♪","ちくわパフェだよ☆ＣＫＰ","日向美ビタースイーツ♪",5,11,15
"ひなビタ♪/バンめし♪","都会征服Girls☆","日向美ビタースイーツ♪",3,8,14
"ひなビタ♪/バンめし♪","ホーンテッド★メイドランチ","日向美ビタースイーツ♪",5,12,17
"ひなビタ♪/バンめし♪","めうめうぺったんたん！！","日向美ビタースイーツ♪",3,9,15
"ひなビタ♪/バンめし♪","滅亡天使 † にこきゅっぴん","日向美ビタースイーツ♪",4,10,16
"FLOOR","Warriors Aboot","RoughSketch vs MAD CHILD",6,12,18
"VOCALOID","Vampire's Territory","u-z",5,11,17
"FLOOR","Sourire","とろまる",4,9,16
"FLOOR","ハナビラ:リンクス","かゆき＆yoa feat.もちこまめ",4,10,15
"FLOOR","Firestorm","ETIA.",6,12,18
"FLOOR","My name is TSUMABUKI","KO3",3,8,14
"FLOOR","ギャラクシィ・トラベラー","U-ske feat.ななひら",4,10,14
"동방 어레인지","Starlight Dance Floor","発熱巫女～ず",2,8,13
"FLOOR","6弦とピアノのためのエチュード op.4","ke-ji",4,10,16
"FLOOR","eternita","cosMo＠暴走P",5,11,16
"BEMANI","夏色DIARY -Summer Dazzlin' Vacation miX-","猫叉王子 feat. PHQUASE vs. MAD CHILD",5,11,17,16
"SDVX 오리지널","ΑΩ","BlackY",6,12,18,19
"FLOOR","veRtrageS","Riz vs. Shiron",6,13,18
"BEMANI","citrus","kamome sano",5,11,15
"SDVX 오리지널","Blastix Riotz","かめりあ as "Bang Riot"",6,13,18,19
"SDVX 오리지널","Preserved Valkyria","ぺのれり",6,12,18,19
"FLOOR","Witch in Sweetsland","COOKIE MONSTERS(winddrums+黒魔)",6,12,17
"FLOOR","Ops:Code-Rapture-","Getty vs. DJ DiA",6,14,18
"FLOOR","Cold Inflation","kanone vs. Yooh",4,10,16
"FLOOR","UnivEarth","Antinomic Paradox",6,12,18
"FLOOR","Le Fruit Défendu","モリモリあつし+Verdammt",5,11,16
"BEMANI","TOXIC VIBRATION","SOUND HOLIC Vs. T.Kakuta feat. YURiCa",6,12,17
"BEMANI","灼熱Beach Side Bunny","DJ Mass MAD Izm*",6,12,18
"BEMANI","リカーシブ・ファンクション","OSTER project",5,11,15
"동방 어레인지","Opium and Purple haze","D.watt(OTAKU-ELITE Recordings)",5,10,17,18
"동방 어레인지","シャ ビ ドゥ 素敵な恋の魔法","ARM feat. ちよこ(IOSYS)",4,10,15
"FLOOR","ネメシス SDVX Edit","Larca",5,11,17
"FLOOR","BOUNCE BOUNCE BOUNCE","ZYTOKINE feat. itori",3,8,13
"BEMANI","Sounds Of Summer","Hommarju",5,12,16
"FLOOR","Innocent Floor","P*Light",6,12,17
"BEMANI","In The Breeze","96 & Sota ft. Mayumi Morinaga",5,11,16
"FLOOR","INF-B《L-aste-R》","かねこちはる",6,12,18,19
"FLOOR","Twin Blaster","polysha+tcheb",5,11,16
"FLOOR","disco KAWAii","uno feat.ちよこ(IOSYS)",4,9,14
"FLOOR","New Days","10calorie",4,10,15
"FLOOR","Princessどうかお願い!!","20文字と言う字数制限に挑み続けるかぼち",4,9,15
"동방 어레인지","Innocent Eyes","FELT",3,8,13
"동방 어레인지","感情の魔天楼 ～ Arr.Demetori","Demetori",5,11,17
"BEMANI","gigadelic (かめりあ's "The TERA" RMX)","かめりあ",6,13,18
"BEMANI","The Wind of Gold(飛翔鳶 Remix)","飛翔鳶交響楽団",3,8,13
"BEMANI","Monkey Business(Band Edit.)","daph",4,10,16
"BEMANI","Wuv U(pico/ustic rmx)","kamome sano",5,11,16
"SDVX 오리지널","無双","SOUND HOLIC Vs. VENUS feat. Nana Takahashi",5,11,17
"FLOOR","好きトキメキとキス","かねこちはる feat. はぁち",5,11,15
"FLOOR","時計仕掛けのメリーゴーランド","餡若feat.みゅい",4,9,13
"FLOOR","Pon-Pon-Pompoko Dai-Sen-Saw!","黒魔",6,12,18
"FLOOR","Lovesick Lovetune","VALLEYSTONE feat. 紫崎 雪",3,8,13
"FLOOR","One & Only","Salk2d",3,8,16
"BEMANI","EBONY & IVORY","OSTER project",5,11,17
"BEMANI","パ→ピ→プ→Yeah!","ヒゲドライバー join. shully & Nimo",6,12,17
"FLOOR","Milkyway - memorable -","こふ",5,10,16
"BEMANI","Our Faith (takdrive remix)","takdrive",4,10,16
"FLOOR","ON FIRE","ニシジマユーキ",4,8,15
"FLOOR","The willow and snow","saminun",3,8,14
"BEMANI","Monkey Business -Satire mix-","LeaF",5,11,16
"BEMANI","量子の海のリントヴルム","黒猫ダンジョン",6,12,17
"동방 어레인지","妖隠し -あやかしかくし-","DJ TOTTO feat.3L",4,9,16
"동방 어레인지","竹取飛翔 ～ Lunatic Princess (Ryu☆Remix)","Ryu☆",4,10,16
"SDVX 오리지널","HAVOX","BlackY vs. Yooh",6,13,18
"동방 어레인지","BEAT-NEW-WORLD","ビートまりお（COOL&CREATE）",4,11,17
"동방 어레인지","ホメ猫☆センセーション","P*Light feat. mow*2",4,9,16
"동방 어레인지","Russian Caravan Rhapsody","Power Of Nature",4,9,15
"FLOOR","AYAKASHI","Hommarju",5,12,17
"VOCALOID","女言葉の消失","Sota Fujimori",3,10,13
"FLOOR","Poison Blood","udouddo",5,11,15
"FLOOR","Everlasting Message","ぺのれり",7,13,17,19
"FLOOR","混乱少女♥そふらんちゃん!!","かめりあ feat. ななひら",6,12,18
"FLOOR","Sayonara Planet Wars","黒魔",6,13,18
"FLOOR","Chant du Cygne","ke-ji",6,12,17
"FLOOR","到達してしまった僕らと夢と希望の最之果","Ayatsugu_Otowa",6,13,18
"FLOOR","KAC 2012 ULTIMATE MEDLEY -HISTORIA SOUND VOLTEX-","FLOOR LEGENDS -KAC 2012-",6,12,17,18
"FLOOR","tricky trick","kamome sano",5,10,18
"동방 어레인지","Paranoia","DiGiTAL WiNG feat.花たん",4,9,16
"BEMANI","FIRE FIREは電気スウィングの夢を見るか？","millstones",5,10,16
"FLOOR","Borealis","ginkiha",5,11,17
"BEMANI","Wuv U (Colorful QT3 nekomix)","ねこみりん feat.えみゅう。×みゆ×小宮真央",4,10,16
"FLOOR","Invitation from Mr.C","C-Show",6,12,18
"FLOOR","2 MINUTES FIGHTERS","P*Light",6,12,17
"FLOOR","LegenD.","Yooh",6,12,18
"FLOOR","World's end","Noah",6,12,18
"FLOOR","瞬間ドリップ♪秘蜜のケーキセット","そよもぎ",5,11,16
"FLOOR","macaron","colate",5,10,15
"BEMANI","Go↓Go↑Girls&Boys!","松下feat.Sota & wac",4,9,15
"SDVX 오리지널","INDEPENDENT SKY","SOUND HOLIC feat. Nana Takahashi",5,9,13,17
"BEMANI","TIEFSEE","SOUND HOLIC Vs. dj TAKA feat. YURiCa",5,12,17
"동방 어레인지","囲い無き世は一期の月影","豚乙女",5,10,16
"BEMANI","The Sampling Paradise (P*Light Remix)","P*Light",5,11,17
"BEMANI","Pure Evil (Kobaryo FTN-Remix)","Kobaryo",6,13,17
"FLOOR","Scarlet Pinheel","ぺのれり",4,10,16
"FLOOR","False Cross","BlackY",5,11,17
"FLOOR","Prelude-Hereafter-","源屋",4,10,15
"FLOOR","感情Xerography","8284 feat. 榎楠",4,9,14
"FLOOR","きらきらタイム☆","さわわ",5,11,17
"FLOOR","TU-MA-MI△ALL-NIGHTER","xi underground",2,10,16
"FLOOR","Hustle Beat!!","とろまる",4,10,15
"동방 어레인지","The Starry true","Liz Triangle",2,7,12
"동방 어레인지","メイガスナイト ～ Arr.Demetori","Demetori",5,10,16
"동방 어레인지","Liminality","FELT",4,9,16
"FLOOR","F.K.S.","Nizikawa",6,11,17
"BEMANI","gigadelic(m3rkAb4# R3m!x)","ikaruga_nex",6,11,17
"동방 어레인지","最速最高シャッターガール","ビートまりお（COOL&CREATE）",5,11,16
"BEMANI","The Wind of Gold -HΔPPY MIX-","sky_delta",4,10,15
"동방 어레인지","しゅわスパ大作戦☆ - SDVX Edit. -","SOUND HOLIC feat. Nana Takahashi",2,9,13
"동방 어레인지","Jump!","Syrufit feat.綾倉盟 / 市松椿",4,10,13
"동방 어레인지","SkyDrive!","Amateras Records feat.築山さえ",3,9,15
"FLOOR","トリコロール・ダイアリー","梅干茶漬け",5,11,16
"FLOOR","Never Regret Anything","影虎。",3,9,16
"FLOOR","Hyper☆Chipspace","Saiph",5,9,16
"BEMANI","Virtual Sunrise (MYTK Remix)","MYTK",3,9,13
"FLOOR","Violet Soul","Soleily",4,10,16
"동방 어레인지","Pieces","発熱巫女～ず",1,8,12
"BEMANI","FIRE FIRE(Kazmasa Remix)","Kazmasa",6,11,17
"FLOOR","Find the Answer","みゅー feat. ゆいこんぬ",2,8,12
"FLOOR","bloom","Gowrock",3,9,13
"FLOOR","Belly Flopper","O2i3",4,10,15
"FLOOR","ぼくらしかしらない","ぬゆり",5,10,17
"동방 어레인지","物凄い狂っとるフランちゃんが物凄いうた","Halozy feat. ななひら",5,11,17
"FLOOR","Liming Light","negi",4,10,13
"FLOOR","Rubeus","RedMuffleR",6,11,17
"BEMANI","Our Faith (Faithful MTL Remix)","DOUBLE HELIX",5,11,17
"BEMANI","The Sampling Paradise (N-Driver Style)","N-Driver",5,12,16
"BEMANI","Virtual Sunrise (xac remix)","xac",4,10,15
"BEMANI","Pure Evil-Aya2g Drm'n Tech Rmx-","Ayatsugu_Otowa",6,12,17
"VOCALOID","アルテミス","FILTER SYSTEM",3,10,13
"VOCALOID","VILE CAT","TAKU1175",5,11,18
"동방 어레인지","Attack on Dwarf","unatra",4,10,14
"동방 어레인지","werewolf howls.","かめりあ",6,12,18
"BEMANI","打打打打打打打打打打","ヒゲドライバー join. SELEN",6,11,15,17
"FLOOR","Appliqué","モリモリあつし",5,11,16,17
"FLOOR","Wish upon Twin Stars","xi",5,11,17,18
"FLOOR","Growth Memories","Hidra-Xjeil",6,12,18,19
"FLOOR","CODE -CRiMSON-","Shiron",6,12,17,18
"FLOOR","はわわｗ！な展開っ！","かねこちはる feat. 紫崎 雪",4,11,15,16
"BEMANI","朱と碧のランページ","NU-KO",5,13,17
"BEMANI","gigadelic -stance xxxx-","Hate",5,11,17
"동방 어레인지","コミカルなミシャグジとラジエーション(PUNK IT ver.)","void & ARM feat. ななひら & ちよこ",4,10,15
"BEMANI","The Wind of Gold (folkcore remix)","borzy",4,9,14
"동방 어레인지","sweet dream","平茸＋夕野ヨシミ＋山本椛",2,9,13
"BEMANI","FIRE FIRE -DARK BLAZE REMIX-","Yooh",6,13,17
"BEMANI","Monkey Business (lapix Remix)","lapix",5,10,16
"BEMANI","Wuv U -More2 HAPPY Re-Mix Special-","Yu_Asahina",5,10,15
"SDVX 오리지널","INSECTICIDE","Camellia",6,12,18,19
"BEMANI","御千手メディテーション","昇天家族",6,12,15,17
"BEMANI","KHAMEN BREAK","くふおー",5,12,16,16
"BEMANI","Cleopatrysm","ピラミッ℃",6,12,15,16
"동방 어레인지","Wave of Craze","Shiron",5,11,15
"동방 어레인지","幻想浄瑠璃-Aya2g Tech Dance Remix-","Ayatsugu_Otowa",3,9,15
"VOCALOID","second spring storm","Spacelectro",2,7,12
"동방 어레인지","Get out of my sight","void(IOSYS) feat. 厚志(石鹸屋)&周平(Silently Shooting Traitors)",4,11,15
"동방 어레인지","#FairyJoke #SDVX_Edit","uno(IOSYS)",3,11,17
"동방 어레인지","マスパでシュッ☆メイドウィッチまりさちゃん","ARM(IOSYS) feat. 桃井はるこ",3,9,13
"동방 어레인지","Lemures Prelude","EastNewSound",3,9,14
"FLOOR","カレクレンマ","Music by アサヒナユウ, Vocal by みかん汁",3,10,15
"동방 어레인지","患部で止まってすぐ溶ける ～ 狂気の優曇華院","ARM(IOSYS)",5,10,15,17
"FLOOR","SPARKLING FANTASY","Music by BlackY, Vocal by ぁゅ",4,9,13
"동방 어레인지","ってゐ！ ～えいえんてゐVer～","石鹸屋",3,8,12,15
"동방 어레인지","Mami Mami Zone","REDALiCE feat. 野宮あゆみ",4,10,16
"FLOOR","mon$tage","Music by Hommarju, Vocal by かぼちゃ",5,11,16
"동방 어레인지","八雲藍の唯心論","君の美術館",3,9,14
"동방 어레인지","信仰は儚き人間の為に ～ Arr.Demetori","Demetori",5,11,17
"동방 어레인지","竹取飛翔","岸田教団＆THE明星ロケッツ",3,9,15,17
"동방 어레인지","Phantasm Brigade","Silver Forest",2,8,13
"FLOOR","Unlimited Field","Music by 上村香月, Vocal by Kuroa*",5,11,15
"FLOOR","冬に桜が咲くようなキセキ。","Music by nmk/佐原誠&kei_iwata, Vocal by SOPHY",4,9,15
"FLOOR","REPLiCA","Music by Hommarju, Vocal by ぁゅ",3,8,13
"동방 어레인지","KiLLeR MeRMaiD","QURELESS",6,12,17
"동방 어레인지","Mist In Hell","LUNA",6,11,17
"FLOOR","Innocent Tempest","Diceros Bicornis",6,12,17,19
"FLOOR","侵蝕コード：666　-今日ちょっと指（略-","かぼちゃ「黒幕はあやつぐ」と供述しており",4,10,15
"FLOOR","ボルテ体操第一","Kaoru feat.FG75",1,12,17
"FLOOR","流れ星と君の歌","Music by 沙野カモメ, Vocal by SOPHY",4,9,14
"FLOOR","Liar World Monologue","Music by ismK, Vocal by Kuroa*",4,9,16
"FLOOR","odds and ends","MarcheИ",5,9,15,17
"FLOOR","はなむけ","ふる",4,9,13,16
"FLOOR","Harpuia","BlackY",6,11,17,18
"SDVX 오리지널","Virtual Sunrise","kors k",4,10,15
"SDVX 오리지널","Pure Evil","kors k",5,12,17
"FLOOR","Black Emperor","黒魔",6,11,18,19
"FLOOR","Hoshizora Illumination","you",4,10,16,17
"VOCALOID","群青硝子のスピカ","unatra / カラクサ",2,8,15
"VOCALOID","超爽快☆パッショネイト・フィーバー","Ayatsugu_Otowa",5,10,16
"VOCALOID","FLYING OUT TO THE SKY","かめりあ",5,10,17
"FLOOR","嘘と接吻","yozaquar feat.ぁゅ",3,9,13
"VOCALOID","神となり彼が見た境界線","上村香月",5,10,15
"FLOOR","crazy cinema story","黒魔",4,8,16
"FLOOR","Fiat Lux","xi",5,11,17
"FLOOR","絢爛創世絵巻物","ke-ji",3,8,13
"FLOOR","コンベア速度Max!? しゃいにん☆廻転ズシ"Sushi&Peace"","かめりあ feat. ななひら",5,11,16
"BEMANI","IX","dj TAKA VS DJ TOTTO feat.藍",6,12,17,19
"FLOOR","Future MUSiC","Ym1024 feat. lamie*",2,7,12
"VOCALOID","ウバワレ","TAKU1175",4,10,16,17
"FLOOR","EOS -INFINITE EDIT-","ginkiha",3,11,13,16
"BEMANI","Engraved Mark","Ryu☆ ∞ Des-ROW",5,11,16
"BEMANI","Squeeze","VENUS feat. Mutsuhiko Izumi",5,12,16
"BEMANI","デッドボヲルdeホームラン","猫叉Masterβ2",3,9,15
"BEMANI","轟け！恋のビーンボール！！","ダイナミック野球兄弟 v.s. クロスファイヤーPrim",5,11,17
"FLOOR","Verse IV","ZOGRAPHOS (Yu_Asahina+Yamajet)",5,12,17,19
"BEMANI","野球の遊び方　そしてその歴史　～決定版～","あさき大監督",3,11,13
"FLOOR","LittleGameStar","An",3,10,15,17
"FLOOR","イゴモヨス＝オムルのテーマによるブヨブヨ・スケッチの試み","日本楽音ノイズ協会",4,10,17
"FLOOR","will o' the wisp","XIzE",4,10,13
"FLOOR","Profession","syzfonics",3,12,16
"FLOOR","雪女","かねこちはる",5,12,16,17
"동방 어레인지","おお われら喜び讃うべし、主よ","すのうまん",4,10,16,18
"동방 어레인지","上海紅茶館 ～ Chinese Tea Orchid Remix","Yooh",5,10,16,18
"동방 어레인지","U.N.オーエンは彼女なのか？haru_naba Remix","はるなば",5,11,17
"FLOOR","超越してしまった彼女と其を生み落した理由","Ayatsugu_Otowa",6,12,17,18
"FLOOR","Bangin' Burst","かめりあ",6,13,18,19
"FLOOR","For UltraPlayers","cosMo＠暴走P",7,13,18,19
"FLOOR","BLACK or WHITE?","BlackYooh vs. siromaru",6,12,18,19
"FLOOR","Hellfire","Hommarju",6,12,17,18
"FLOOR","Last Concerto","ke-ji",6,12,17,18
"BEMANI","Stella Sinistra","Akhuta Philharmonic Orchestra",5,11,16
"BEMANI","HYENA","Hommarju",5,12,17
"BEMANI","PUNISHER","TAG×PON",4,10,16
"BEMANI","マインド・ゲーム","96 with メカショッチョー",4,9,14
"FLOOR","Erlung","削除",4,10,14,17
"FLOOR","choux à la crème","kamome sano",5,11,16,17
"FLOOR","take a step forward","uma",3,10,15,17
"FLOOR","TrailBlazer","cold kiss",3,9,13,16
"FLOOR","Last Battalion","ETIA.",4,10,15,17
"FLOOR","Decretum","Project Mayhem",5,11,17
"FLOOR","Dignity","Yooh",6,11,16
"FLOOR","ムーニャポヨポヨスッポコニャーゴ","全日本スッポコニャーゴ親衛隊",4,10,17,18
"동방 어레인지","ルーネイトエルフ(Riz Mix)","Riz",3,10,14
"BEMANI","True Blue","dj TAKA feat.AiMEE",5,11,17
"FLOOR","Demetel","ETIA.",3,7,12
"FLOOR","トラウィスカルパンテクートリ","Noah",5,9,16
"FLOOR","ゆうしゃのなつやすみ","Verdammt",4,9,14
"동방 어레인지","Electric "Sister" Bitch","t+pazolite",4,10,16
"VOCALOID","- dirty rouge -","ぺのれり",5,10,15
"FLOOR","BUBBLE RAVER","P*Light",4,9,15
"FLOOR","Paradoxy","lapix",4,9,15
"FLOOR","Rings of Rainbow","Hommarju",5,10,15
"FLOOR","LEMON SUMMER","パイタン",4,10,15
"동방 어레인지","赤より紅い夢-Aya2g Tech Dance Remix-","Ayatsugu_Otowa",4,9,16
"동방 어레인지","Catadioptric","Jerico",3,7,13
"동방 어레인지","夢の空、約束の場所","Illusion Sonic",2,7,11
"동방 어레인지","ワヴル魔法図書館","wobble magic library",5,10,15
"동방 어레인지","最終鬼畜妹フランドール・S","ビートまりお（COOL&CREATE）",5,12,16,18
"동방 어레인지","Hail Storm","FELT",2,7,12
"FLOOR","INFINITY OVERDRIVE","DecisionS(kanone + nora2r)",5,11,15,17
"FLOOR","Crack Traxxxx","Lite Show Magic (t+pazolite vs C-Show)",6,11,16,18
"FLOOR","XROSS INFECTION","BlackY vs. Yooh",6,13,17,19
"FLOOR","Double Universe","Hommarju vs P*Light",5,11,16,17
"FLOOR","Dawn of Asia","ginkiha+kamome sano",4,11,15,16
"동방 어레인지","Over the Starlit sky","MUZIK SERVANT feat.CHERICa",4,9,15
"BEMANI","snow storm -euphoria-","Yooh",5,11,17,19
"BEMANI","DEADLOCK XXX","BlackY",5,11,17
"동방 어레인지","魔法少女達の百年祭(masty core remix)","masty",4,10,15
"동방 어레인지","ウサテイ","あまね＋ビートまりお（COOL&CREATE）",4,8,15
"FLOOR","Quietus Ray","xi",5,11,17,19
"동방 어레인지","Starlight Vision","矢鴇つかさ feat. 三澤秋 (SoundOnline)",2,7,12
"VOCALOID","VERSUS!!","しけもく",5,10,15
"FLOOR","Booths of Fighters","RoughSketch + DD"ナカタ"Metal",5,11,17,19
"동방 어레인지","U.N. Owen was her? (Hyuji Remix)","Hyuji",4,9,13
"FLOOR","Voice 2 Voice","MAD CHILD",4,10,15
"FLOOR","Smile","Hommarju feat. 実谷なな",3,7,12
"BEMANI","Daily Lunch Special ～DeliciousREMIX～","提供",5,10,15
"VOCALOID","デストロイマーチ","桜華",4,11,16
"BEMANI","Unicorn tail Dustboxxxx RMX","Dustboxxxx",5,10,16,18
"BEMANI","恋はどう？モロ◎波動OK☆方程式!!","あべにゅうぷろじぇくと feat.佐倉紗織 produced by ave;new",3,9,15
"동방 어레인지","#Fairy_dancing_in_lake","uno(IOSYS)",3,11,16,18
"동방 어레인지","モモンが門番ばんっ☆","ねこみりん feat.みゆ",5,9,15
"동방 어레인지","U.N.オーエンは彼女なのか？(TO-HOlic mix)","C-Show",5,11,16
"BEMANI","音楽 -resolve-","Yu_Asahina",6,11,17,19
"BEMANI","少年は空を辿る Prog Piano Remix","とろまる",5,9,16,17
"FLOOR","獣性オーバーフロウ","PROCYON KNIGHTS PROJECT",3,10,15
"FLOOR","HAPPY HEART BEAT","ヒゲドライバー",4,8,14
"FLOOR","華陽炎-Hana Kagerou-","源屋 feat.Kuroa*",3,10,14
"FLOOR","OVERDRIVERS","P*Light feat. mow*2",4,10,14
"FLOOR","GEROL","Hommarju",5,11,16
"BEMANI","Sakura Reflection 音頭 -盆踊Remix-","源屋",4,9,13
"FLOOR","サヨナラデイズ","七誌",2,9,12
"FLOOR","Joyeuse","ke-ji",4,10,17,18
"SDVX 오리지널","つぶやき魔法少女りむる","DJ SHARPNEL feat. みらい",5,10,16
"FLOOR","HAELEQUIN","orangentle / Yu_Asahina",5,11,17
"FLOOR","殯","かねこちはる",3,7,13
"FLOOR","悪いところがひとつもない！","臨界モスキー党",3,9,14
"BEMANI","アルストロメリア KURO-HACO Remix","kuroburger",4,10,15
"FLOOR","C18H27NO3","Team Grimoire",6,10,16,18
"FLOOR","Lieselotte","wa.",4,8,15
"BEMANI","I'm so Happy","Ryu☆",4,9,16
"BEMANI","VALLIS-NERIA","DJ YOSHITAKA",6,11,18
"FLOOR","En FIRE-G SOUL","Yooh",4,9,13
"BEMANI","音楽 -壊音楽 mix-","LeaF",5,11,17
"FLOOR","honey trap","そよもぎ",2,7,12
"FLOOR","Party Stream !!","DJ Amane",4,9,15
"FLOOR","ませまてぃっく♥ま+ま=まじっく！","かめりあ feat. ななひら",4,9,15
"FLOOR","WobbleTangleFestival","Relect",3,8,13
"동방 어레인지","Antinomie (SDVX EDIT)","void(IOSYS) feat. 厚志(石鹸屋)",5,10,13
"FLOOR","Qubism","Hate vs Brilliance",5,11,16,18
"동방 어레인지","Keep Going!","REDALiCE feat. 野宮あゆみ",3,9,13
"동방 어레인지","Two Fates","発熱巫女～ず",2,6,11
"FLOOR","Tomato Leaf Breaks","millstones",5,9,13
"동방 어레인지","Power of Battle (SDVX EDIT)","RoughSketch vs REDALiCE feat.イザベル",4,10,13
"BEMANI","Fly to Next World (syzfonics Remix)","syzfonics",3,7,12
"동방 어레인지","魔境堕天録サリエル","Unlucky Morpheus",3,9,14,18
"BEMANI","UNLIMITED FIRE (DJ Amane Remix)","DJ Amane",3,9,13
"FLOOR","Vindicator","void (Mournfinale)",5,9,15
"동방 어레인지","エピクロスの虹はもう見えない","SYNC.ART'S feat. 美里",1,7,12
"동방 어레인지","神々の祈り","舞風-MAIKAZE/沙紗飛鳥",1,7,10
"FLOOR","Goodbye-bye Planet","黒魔",5,10,14
"동방 어레인지","げきオコスティックファイナリアリティぷんぷんマスタースパーク","ARM(IOSYS) feat.ビートまりお(COOL&CREATE)",3,11,14
"BEMANI","concon (picom'n'bass rmx)","kamome sano",4,10,13
"BEMANI","Sakura Reflection (P*Light Slayer Remix)","P*Light",4,11,15,18
"BEMANI","She is my wife すーぱーアイドル☆ミツル子Remixちゃん","高井さんとuno(IOSYS)",4,10,15,18
"FLOOR","GIGI BABA","ヒゲドライバー",4,9,13
"VOCALOID","自由のための不自由","上村香月",3,9,11
"동방 어레인지","SCAPEGOAT BOY - SDVX Edit. -","SOUND HOLIC feat. Nana Takahashi",2,8,14
"FLOOR","Starlight Express","ginkiha",4,9,16
"동방 어레인지","星霜輪廻～Repeat～","EastNewSound feat. 茶太",2,8,13
"동방 어레인지","蒼空に舞え、墨染の桜","さゆり (Silver Forest)",1,6,11
"BEMANI","Daily Lunch Special (tpz Overcute Remix)","t+pazolite",3,9,13
"FLOOR","DELETED MOTION","たちのん",3,11,13
"동방 어레인지","東方妖々夢 ～the maximum moving about～","石鹸屋",2,8,13
"FLOOR","dream control","C-YA",4,10,11
"FLOOR","Next infection","Sanaas",4,10,15
"FLOOR","Foolish Hero","lapix",4,10,14
"BEMANI","Mother Ship (C-YA MIX)","C-YA",4,11,15
"동방 어레인지","待チ人ハ来ズ。","豚乙女",3,7,12
"FLOOR","Raptate","削除",4,9,12
"동방 어레인지","Strawberry Crisis","CROW'SCLAW",4,10,16
"동방 어레인지","秘封倶楽部の未踏世界","君の美術館",2,9,12
"동방 어레인지","Wheel","Syrufit feat.綾倉盟 / 市松椿",3,11,16,17
"FLOOR","The world of sound","Music by Ryuwitty, Vocal by Kuroa*",5,11,17,18
"FLOOR","ずっとそばにいさせてよね！","Music by 音遊人 -mu-jin-, Vocal by みかん汁",4,8,15
"FLOOR","Hello world!","Music by 源屋, Vocal by SOPHY",3,10,13
"FLOOR","超恋愛☆エクストリーム・ガール","Music by Ayatsugu_Otowa, Vocal by みゅい",5,10,15
"FLOOR","僕たちは此処にいる","でもたまに居場所とか見失うかぼちゃ",4,9,13
"FLOOR","Life is Beautiful","Music by コバヤシユウヤ, Vocal by Kuroa*",4,9,13
"동방 어레인지","Earthquake Super Shock - SDVX Edit. -","SOUND HOLIC feat. Nana Takahashi",4,10,15
"동방 어레인지","究極焼肉レストラン！お燐の地獄亭！","ARM(IOSYS)",5,10,13
"동방 어레인지","Silent Story","発熱巫女～ず",2,8,11
"동방 어레인지","DesireDrive","岸田教団＆THE明星ロケッツ",5,10,13
"동방 어레인지","ナイト・オブ・ナイツ","ビートまりお（COOL&CREATE）",5,11,15,17
"동방 어레인지","-Rayrain-","こなぐすり",3,9,12
"동방 어레인지","ケロ⑨destiny","Silver Forest feat. めらみぽっぷ",4,10,15,17
"동방 어레인지","Help me, ERINNNNNN!!","ビートまりお（COOL&CREATE）",5,10,13
"동방 어레인지","魔理沙は大変なものを盗んでいきました","ARM(IOSYS)",4,9,13,18
"동방 어레인지","物凄い勢いでけーねが物凄いうた","Halozy feat. ななひら",5,10,15
"동방 어레인지","Rot in hell！！","EastNewSound",3,8,13
"FLOOR","croiX","TeamGrimoire+あま猫",6,12,16,18
"FLOOR","Gott","Hommarju",6,11,16,17
"FLOOR","Dynasty","Yooh",6,12,16,17
"FLOOR","PANIC HOLIC","C-Show",6,11,16,18
"FLOOR","Max Burning!!","BlackY",7,13,17,18
"FLOOR","Absurd Gaff","siromaru",6,12,16,18
"FLOOR","EGG","ginkiha",3,9,14,17
"FLOOR","éclair au chocolat","kamome sano",3,9,13,17
"FLOOR","大宇宙ステージ","黒魔",5,11,17,19
"FLOOR","TRIGGER★HAPPY","P*Light",5,10,14,16
"FLOOR","VISION","nora2r",3,8,13,16
"FLOOR","V.I.P.","ismK",6,11,17,18
"FLOOR","Soundscape","Hommarju",4,9,13
"BEMANI","AA BlackY mix","BlackY",6,12,16,17
"BEMANI","Tomorrow Perfume (tpz Despair Remix)","t+pazolite",4,9,13
"VOCALOID","pandora (Maozon Remix)","Maozon",2,8,13
"BEMANI","Freeway Shuffle -More2 HAPPY Re-Mix-","Yu_Asahina",5,10,15
"BEMANI","Abyss (sharp stepp remix)","borzy",3,10,13
"BEMANI","Tomorrow Perfume (C-Show Remix)","C-Show",5,12,16
"BEMANI","Blue Rain Dustboxxxx RMX","Dustboxxxx",5,10,14
"VOCALOID","Ray","源屋",4,8,12,16
"BEMANI","rainbow flyer -gratitude remix-","PHQUASE",5,9,16
"동방 어레인지","明星ロケット","岸田教団＆THE明星ロケッツ",3,8,13
"동방 어레인지","幻想のサテライト","豚乙女",5,11,16,18
"동방 어레인지","Runway Drive","FELT",2,7,11
"동방 어레인지","Grip & Break down !! - SDVX Edit. -","SOUND HOLIC feat. Nana Takahashi",5,10,15
"동방 어레인지","taboo tears you up 2008","REDALiCE",4,10,15
"동방 어레인지","チルノのパーフェクトさんすう教室","ARM(IOSYS)",5,10,13,16
"동방 어레인지","Bad Apple!! feat. nomico","Alstroemeria Records",2,7,12,16
"BEMANI","Ganymede kamome mix","kamome sano",6,11,17,19
"BEMANI","GAMBOL (dfk SLC rmx)","D.F.K.Soundsystem",3,10,13,16
"BEMANI","SEED (DJ Noriken Remix)","DJ Noriken",7,12,14
"FLOOR","Distorted Floor","RoughSketch",6,11,15,17
"FLOOR","Fire Strike","Junk",3,9,13,17
"FLOOR","freaky freak","kamome sano",4,12,15,17
"FLOOR","World Vertex","void",4,12,14,16
"BEMANI","Ignited Night burst","N-driver",5,10,14
"FLOOR","Onigo","Hommarju",6,11,16,18
"FLOOR","caramel ribbon","P*Light",4,9,13,16
"BEMANI","サヨナラ・ヘヴン （かめりあ's NEKOMATAelectroRMX）","かめりあ",3,7,12,17
"FLOOR","Space Diver Tama","黒魔",3,8,15,17
"FLOOR","SOUL EXPLOSION","kanone",4,9,13
"BEMANI",".59 -BOOTH BOOST REMIX-","IDEA+RHYTHM",4,8,13,17
"FLOOR","香港功夫大旋風","Daisuke Ohnuma",6,11,16,17
"FLOOR","レトロスペクティビリー・メリーゴーランド","はるなば",2,7,12
"BEMANI","恋する☆宇宙戦争っ！！ あばばばみっくす","ARM (IOSYS)",6,12,15,15
"BEMANI","突撃!ガラスのニーソ姫! D.watt nu-denpa RMX","D.watt(IOSYS)",5,10,15
"VOCALOID","RPGシンドローム","幽閉カタルシス",5,10,13
"SDVX 오리지널","cloud","EZFG",4,8,12,17
"VOCALOID","世界はネコのもの","Nem",2,6,12
"SDVX 오리지널","TYCOON","SOUND HOLIC feat. Nana Takahashi",5,10,15,17
"BEMANI","neu BSP style","cosMo＠暴走P",4,9,16
"VOCALOID","不思議玩具ガンガラディンドン","マチゲリータ",5,8,14
"BEMANI","FLOWER REDALiCE Remix","REDALiCE",6,11,16,18
"SDVX 오리지널","ヤサイマシ☆ニンニクアブラオオメ","azuma feat. ななひら",4,8,13,16
"VOCALOID","U&M","emon",2,5,8
"VOCALOID","サイコパスコミュニケーション","ゆちゃP",4,7,10,13
"VOCALOID","Second Heaven Lamaze-REMIX","ラマーズP",3,8,13
"VOCALOID","Xepher Light and Darkness Dragon REMIX","デッドボールP",5,9,16,18
"VOCALOID","Diamond Dust Black Diamond Dust","azuma",4,8,12
"BEMANI","遠く Dexholic Mix","Dixie Flatline feat.祭屋",2,6,11
"BEMANI","冥 Rockin' SWING REMIX","164",6,13,16,18
"VOCALOID","RED ZONE NeoClassical Party Remix","幽閉カタルシス",4,11,14
"BEMANI","ALBIDA Powerless Mix","無力P",5,10,13,17
"SDVX 오리지널","It's over","ゆよゆっぺ feat.めらみぽっぷ",1,8,12,13
"SDVX 오리지널","Iterator","yanagi",2,8,10
"VOCALOID","Evans VolteX Pf arrange","cosMo＠暴走P",5,9,15,18
"SDVX 오리지널","good high school","baker",2,5,8,17
"VOCALOID","ごりらがいるんだ","ピノキオP",4,8,12,15
"BEMANI","jet coaster☆girl sasakure.UK tRiCkStAr Remix","sasakure.UK feat. mirto",1,5,9
"SDVX 오리지널","dilemma","豚乙女",2,6,10
"VOCALOID","SurVALI","YM",3,8,11
"BEMANI","smooooch・∀・ KN mix","KN",3,8,13
"VOCALOID","とある少年の一日","蝶々P",3,7,12
"VOCALOID","ナナイロ","otetsu",2,7,10,13
"VOCALOID","西日暮里の踊り","家の裏でマンボウが死んでるP",4,7,12,16
"SDVX 오리지널","Ha･lle･lu･jah","SOUND HOLIC feat. Nana Takahashi",4,7,13,15
"VOCALOID","バタフライキャット","daniwell",3,8,13,15
"SDVX 오리지널","PULSE LASER","ヒゲドライバー",2,7,12,16
"BEMANI","Broken 8cmix","iroha(sasaki)",6,10,14,18
"BEMANI","MAX 300 takamatt MIN REMIX","takamatt",4,9,13
"VOCALOID","Love♡sicK","8#Prince(八王子P)",3,7,11
"VOCALOID","Rebellious stage","Dios/シグナルP",2,6,10,13
"VOCALOID","凛として咲く花の如く スプーキィテルミィンミックス","マチゲリータ",1,6,11,15
